" LEA","LEADESC"
"C0BRTH000","M&C REAL ESTATE SUBDIVISION"
"C0BRTH000PW1","LOVES MINOR"
"C0BRTH000PW2","M&C REAL ESTATE MINOR SUB 2"
"C0CHUR000","CHURCH IN ECONOMIC AREA 0"
"C0JOHN000","JOHNSTOWN I-25 GATEWAY CENTER"
"C0JOHN000PW1","JOHNSTOWN I-25 GATEWAY CENTER"
"C0JOHN005","RURAL MEAD/JOHNSTOWN"
"C0JOHN005PW1","JOHNSTOWN I-25 GATEWAY CENTER FG#4"
"C0JOHN010","JOHNSTOWN CLEARVIEW PUD MULTI UNIT"
"C0JOHN300","JOHNSTOWN COMMERCIAL"
"C0JOHN305","JOHNSTOWN INDUSTRIAL"
"C0JOHN310","JOHNSTOWN RURAL COMMERCIAL"
"C0JOHN310PW1","JOHNSTOWN FARMS FILING 1"
"C0JOHN315","JOHNSTOWN RURAL NORTH"
"C0JOHN320PW1","JOHNSTOWN WELTY RIDGE FG#1"
"C0JOHN325PW1","WHITEHALL FILING NO. 1"
"C0JOHN330","LEDGE ROCK CENTER"
"C0JOHN330PW1","EAST LEDGE ROCK CENTER FILING 1"
"C0JOHN330PW2","WEST LEDGE ROCK CENTER FILING 1"
"C0JOHN330PW3","WEST LEDGE ROCK CENTER SUB FILING 1 REPLAT A"
"C0JOHN330PW4","EAST LEDGE ROCK CENTER SUB FILING 2 REPLAT A"
"C0JOHN335PW1","OXY LAND SUBDIVISION"
"C0JOHN400","PODTBURG SUBDIVISION"
"C0MILL000","MILLIKEN COMMERCIAL"
"C0MILL000PW1","MILLIKEN SETTLERS VILLAGE"
"C0MILL005","MILLIKEN INDUSTRIAL"
"C0MILL005PW1","MILLIKEN FRONTIER COMM CENTER REPLAT A"
"C0MILL005PW2","MILLIKEN FRONTIER COMM CENTER REPLAT C"
"C0MILL010","MILLIKEN NON-60 COMMERCIAL"
"C0MILL015","MILLIKEN NORTH COMMERCIAL"
"C0SCHL000","SCHOOL IN ECONOMIC AREA 1"
"C2AULT030","AULT APARTMENTS"
"C2CHUR000","CHURCH IN ECONOMIC AREA 2"
"C2EVAN000","EVANS 35TH AVE COMMERCIAL WEST"
"C2EVAN000PW1","ASHCROFT HEIGHTS TRACT E 1ST REPLAT"
"C2EVAN005","EVANS 47TH AVE COMMERCIAL"
"C2EVAN005PW1","TUSCANY 2ND FILING RPLT A"
"C2EVAN010","EVANS APARTMENTS WEST"
"C2GRLY300","GREELEY 29TH ST (44TH AVE TO 47THE AVE) COMM"
"C2GRLY305","GREELEY 35TH AVE (29TH ST TO BYPASS) COMMERCIAL"
"C2GRLY310","GREELEY 35TH AVE (29TH ST TO 32ND ST) COMMERCIAL"
"C2GRLY315","GREELEY 29TH ST TO 34 & 65TH TO 71ST AVE"
"C2GRLY315PW1","GREELEY 29TH ST (65TH AVE TO 71ST AVE) COMM"
"C2GRLY320","GREELEY 67TH AVE W (29TH ST RD TO 29TH ST)"
"C2GRLY325","GREELEY ST MICHAELS TOWN CENTER COMMERCIAL"
"C2GRLY330","GREELEY WEST T BONE RANCH APARTMENTS"
"C2GRLY335","HWY 257 SPUR"
"C2GRLY610","CENTERPLACE SHOPPING CENTER"
"C2GRLY610PW1","CENTERPLACE SHOPPING CENTER MPW"
"C2GRLY610PW2","CENTERPLACE SHOPPING PHASE 3"
"C2GRLY610PW3","CENTERPLACE SHOPPING PHASE 3 2ND REPLAT"
"C2GRLY615","CENTERPLACE NORTH FRONTAGE"
"C2GRLY615PW1","CENTERPLACE NORTH FRONTAGE"
"C2GRLY615PW2","CENTERPLACE NORTH FRONTAGE"
"C2GRLY620PW1","CENTERPLACE NORTH INTERIOR"
"C2GRLY620PW2","CENTERPLACE NORTH INTERIOR"
"C2GRLY620PW3","CENTERPLACE NORTH INTERIOR"
"C2GRLY625PW1","CENTERPLACE NORTH RESIDENTIAL"
"C2GRLY630","WEST OF CENTERPLACE"
"C2GRLY630PW1","WEST OF CENTERPLACE"
"C2GRLY635","GATEWAY PARK 35TH AND HWY 34"
"C2GRLY635PW1","GATEWAY PARK 35TH AND HWY 34"
"C2GRLY640","FOXHILL OFFICE PARK"
"C2GRLY645PW1","COLLEGE GREEN OFFICE PARK"
"C2GRLY650","BOOMERANG"
"C2GRLY650PW1","SUMMER PARK COMMERCIAL"
"C2GRLY655","BOOMERANG BUSINESS PARK"
"C2GRLY660","W 10 ST (23 AV TO 28 AV)"
"C2GRLY665","W 10 ST (28 AV TO 47 AV)"
"C2GRLY665PW1","10TH ST WAL-MART"
"C2GRLY665PW3","MARKET SQUARE SHOPPING CENTER"
"C2GRLY670","BITTERSWEET OFFICE PARK"
"C2GRLY675","W 10 ST(47 AV TO 59 AV)"
"C2GRLY675PW1","W 10 ST(47 AV TO 59 AV)WP1"
"C2GRLY680","W 10 ST (59 AV TO 71 AV)"
"C2GRLY680PW1","W 10 ST (59 AV TO 71 AV)PW1"
"C2GRLY680PW2","SUNSET RIDGE MARKET 1ST FILING"
"C2GRLY685","NORHTGATE VILLAGE"
"C2GRLY685PW1","NORHTGATE VILLAGEPW1"
"C2GRLY690","NORHTGATE VILLAGE LARGE"
"C2GRLY690PW1","NORHTGATE VILLAGE LARGE PW1"
"C2GRLY695","W 16 ST (23 AV TO 35 AV)"
"C2GRLY700","W 20 ST (23 AV TO 35 AV)"
"C2GRLY700PW1","W 20 ST (23 AV TO 35 AV)PW1"
"C2GRLY705","W 20 ST (47 AV TO 59 AV)"
"C2GRLY705PW1","W 20 ST (47 AV TO 59 AV) PW1"
"C2GRLY710","UNIVERSITY ACRES"
"C2GRLY715","PINNACLE OFFICE PADS"
"C2GRLY715PW1","PINNACLE OFFICE PADS PW1"
"C2GRLY720","W 20 ST (59 AV TO 71 AV)"
"C2GRLY720PW1","W 20 ST (59 AV TO 71 AV) PW1"
"C2GRLY720PW3","W 20 ST (59 AV TO 71 AV) PW3"
"C2GRLY720PW4","W 20 ST (59 AV TO 71 AV)PW4"
"C2GRLY720PW5","W 20 ST (59 AV TO 71 AV) PW5"
"C2GRLY720PW6","W 20 ST (59 AV TO 71 AV) PW6"
"C2GRLY725","W 20 ST (71 AV TO 82 AV)"
"C2GRLY725ATT","W 20 ST (71 AV TO 82 AV)"
"C2GRLY725PW1","W 20 ST (71 AV TO 82 AV) PW1"
"C2GRLY730","HIGHPOINT BUSINESS PARK"
"C2GRLY730PW1","HIGHPOINT BUSINESS PARK PW1"
"C2GRLY730PW2","HIGHPOINT BUSINESS PARK PW2"
"C2GRLY735","PROMONTORY BUSINEES PARK"
"C2GRLY735PW1","PROMONTORY IMAGINE SCHOOL 2ND FLG 1ST RPLT"
"C2GRLY735PW2","PROMONTORY IMAGINE SCHOOL 2ND FLG 2ND RPLT"
"C2GRLY740","GREELEY MISC"
"C2GRLY745","WEST HWY 34"
"C2GRLY750","WEST RURAL GREELEY"
"C2GRLY750PW1","354 BUSINESS PARK"
"C2GRLY755","APARTMENT 35 AV TO 59 AV"
"C2GRLY755PW1","APARTMENT 35 AV TO 59 AV PW1"
"C2GRLY760","APARTMENT 59 AV TO 82 AV PW1"
"C2GRLY765","APARTMENTS AT WESTLAKE"
"C2GRLY770","APARTMENT AT SANBORN"
"C2GRLY775","35TH AND 4TH ST"
"C2GRLY780","GREELEY PARKS"
"C2GRLY785","H-P GREELEY"
"C2GRLY785PW1","H-P GREELEY 8TH REPLAT"
"C2GRLY790","APARTMENT GREELEY MALL"
"C2GRLY795","TOINTON ACADEMY"
"C2GRLY800","TRAILS AT SHEEP DRAW SUB 2ND REPLAT"
"C2GRLY805PW1","CITY CENTER WEST APTS"
"C2GRLY810PW1","BOOMERANG RANCH COMMERCIAL"
"C2GRLY815","TWO RIVERS SUBDIVISION"
"C2GRLY820","UNION COLONY WEST SUBDIVISION MF AND COMMERCIAL"
"C2GRLY825","SHORTGRASS SUBDIVISION"
"C2OTHR800","AULT LAND FILLS"
"C2SCHL000","SCHOOLS IN ECONOMIC AREA 2"
"C2SVRN100","SADDLER PUD"
"C2SVRN105","SEVERANCE COMMERCIAL"
"C2SVRN110","SCOTCH PINE COMMERCIAL"
"C2SVRN115","RURAL NORTH SEVERANCE"
"C2SVRN125","COMMERCIAL WEST"
"C2SVRN130","SEVERANCE COMM LG"
"C2WELD010","RURAL WINDSOR W 1-10 ACRES"
"C2WELD115","RURAL WINDSOR W 10 ACRES OR MORE"
"C2WELD120","KODAK"
"C2WELD125","NW GREELEY LARGE IND"
"C2WELD130","NW GREELEY LARGE COMMERCIAL"
"C2WIND005","DIAMOND VALLEY"
"C2WIND005PW12","DIAMOND VALLEY 12TH FG"
"C2WIND005PW2","WINDSOR COMMONS 3RD FILING"
"C2WIND005PW3","WINDSOR COMMONS 4TH FILING"
"C2WIND005PW4","TORNADO SUB"
"C2WIND005PW7","WINDSOR COMMONS SUB 2ND"
"C2WIND005PW8","WIND TECH BUSIN CENT II 2ND FI"
"C2WIND015","WESTWOOD VILLAGE"
"C2WIND020","WINDSOR COM WEST 2"
"C2WIND020PW1","RIVER VALLEY CROSSING SUB"
"C2WIND021","WIN  HOEHNE"
"C2WIND021PW1","WIN 2HS L1 HOEHNE 2ND FG"
"C2WIND025","WINDSOR SOUTH"
"C2WIND035","BURLINGTON SUBDIVISION"
"C2WIND040","DIAMOND VALLEY SUB"
"C2WIND045","FALCON POINT INDUSTRIAL"
"C2WIND050","WINDSOR IND E SM LOTS"
"C2WIND050PW1","LOT 5 BLOCK 1 GREAT WESTERN INDUSTRIAL PARK 10TH F"
"C2WIND050PW2","GREAT WESTERN 12TH FILING"
"C2WIND050PW3","GREAT WESTERN 13TH FILING"
"C2WIND050PW7","GWIP 7TH FG"
"C2WIND050PW8","GWIP 8TH FG"
"C2WIND050PW9","GWIP 9TH FG"
"C2WIND055","EAST POINTE RETAIL"
"C2WIND060","EAST POINTE PAD"
"C2WIND065","WINDSOR WBD"
"C2WIND065ATT","WINDSOR WBD"
"C2WIND066","MAIN STREET CONDOS"
"C2WIND067","MACY PLACE CONDOS"
"C2WIND070","WINDSOR WBD PAD SITES"
"C2WIND071","MACY PLACE PAD SITES"
"C2WIND075","SHOPS AT WESTWOOD"
"C2WIND080","JACOBY FARM PAD SITES"
"C2WIND085","JACOBY FARMS"
"C2WIND090","WINDSOR WBD REAR LOTS"
"C2WIND095","VILLAGE EAST COMMERCIAL"
"C2WIND100","WINDSOR CBD COMMERCIAL"
"C2WIND110","RAINDANCE COMMERCIAL"
"C2WIND120","WESTWOOD DUP/TRI"
"C2WIND130","WATER VALLEY"
"C2WIND130PW1","WATER VALLEY SUB 13TH FILING"
"C2WIND135","PELICAN LAKE GOLF COURSE"
"C2WIND140","WATER VALLEY CROSSROAD AND 257"
"C2WIND141","HIGHWAY 34 COMMERCIAL"
"C2WIND145","GOOD SAMARITAN"
"C2WIND145PW1","WATER VALLEY SOUTH 8TH FILING"
"C2WIND150","WATER VALLEY SOUTH"
"C2WIND155","WINDSOR IND E LG LOTS"
"C2WIND160","WINDSOR APARTMENT"
"C2WIND165","WINDSOR PARKS"
"C2WIND170","RAINDANCE MULTIFAMILY"
"C2WIND175","WINDSOR BLADES"
"C2WIND180","FUTURE LEGENDS"
"C2WIND185","WATER VALLEY VAULTS"
"C2WIND190","SOUTH HILL COMMERCIAL"
"C2WIND190PW1","SOUTH HILL COMMERCIAL"
"C2WIND190PW2","SOUTH HILL 14TH FG"
"C2WIND195","GREENSPIRE COMMERCIAL"
"C2WIND195PW1","GREENSPIRE COMMERCIAL FIFTH FILING"
"C2WIND200","DIAMOND VALLEY 12TH FILING"
"C2WIND300","SOUTH GATE"
"C2WIND300PW2","SOUTH GATE"
"C2WIND300PW4","SOUTH GATE FILING 10"
"C2WIND300PW5","SOUTH GATE FILING 11"
"C3CHUR000","CHURCHES IN ECONOMIC AREA 3"
"C3DACO000","DACONO COMMERCIAL"
"C3DACO000PW1","DACONO COMMERCIAL"
"C3DACO000PW3","DACONO COMMERCIAL"
"C3DACO000PW4","DACONO COMMERCIAL"
"C3DACO005","DACONO INDUSTRIAL"
"C3DACO010","DACONO GATEWAY CENTER"
"C3DACO015","DACONO SILVER PEAKS"
"C3DACO015PW1","SILVER PEAKS FLG 2"
"C3DACO015PW2","SILVER PEAKS FLG 3"
"C3DACO020","DACONO SALVAGE YARD"
"C3DACO025","DACONO SWEETGRASS"
"C3DACO030","DACONO RANCHVIEW"
"C3DACO035","DACONO RX THERMAL"
"C3ERIE000","RIGHT MOVE SUBD AND AUSTIN INDUSTRIAL"
"C3ERIE000PW1","RIGHT MOVE SUBD AND AUSTIN INDUSTRIAL"
"C3ERIE005","ERIE RURAL COMMERCIAL"
"C3ERIE010","ERIE AIR PARK"
"C3ERIE010PW1","ERIE AIR PARK"
"C3ERIE015","ERIE COMMERCIAL"
"C3ERIE015PW1","ERIE COMMERCIAL"
"C3ERIE020","COAL CREEK AND ERIE COMMONS"
"C3ERIE020PW1","COAL CREEK AND ERIE COMMONS"
"C3ERIE020PW2","COAL CREEK AND ERIE COMMONS"
"C3ERIE020PW3","ERIE COMMMONS FG4 4TH AMD"
"C3ERIE020PW4","COAL CREEK CENTER 3RD AMD"
"C3ERIE025","BLUE EAGLE CONDO"
"C3ERIE030","ERIE EXCHANGE FG#3"
"C3ERIE030PW1","ERIE EXCHANGE FG#3"
"C3ERIE035","ERIE HIGHLANDS FG#8"
"C3ERIE040","VISTA RIDGE FG#11"
"C3ERIE045","VISTA RIDGE FG#2"
"C3ERIE045PW1","VISTA RIDGE FG#2"
"C3ERIE050","VISTA RIDGE MARKETPLACE"
"C3ERIE050PW1","VISTA RIDGE MARKETPLACE"
"C3ERIE050PW3","VISTA RIDGE FG 14 6TH"
"C3ERIE055","VISTA RIDGE GOLF COURSE"
"C3ERIE060","VISTA RIDGE FG#12 2ND AMD FINAL PLAT"
"C3ERIE065","VISTA RIDGE FG#10"
"C3ERIE070","VISTA RIDGE FG#6"
"C3ERIE070PW1","VISTA RIDGE FG 6 2ND AMD"
"C3ERIE070PW2","VISTA RIDGE FG 6 3RD AMD"
"C3ERIE075","ALTHEN BOYER"
"C3ERIE080","TURNPIKE MINOR"
"C3ERIE085","ERIE SPORTS COMPLEX"
"C3ERIE090PW1","ERIE HIGHLANDS"
"C3FIRE000","FIRESTONE CITY CENTER AND DEL CAMINO"
"C3FIRE000PW1","FIRESTONE CITY CENTER AND DEL CAMINO"
"C3FIRE005","FIRESTONE DEL CAMINO CENTRAL"
"C3FIRE005PW2","FIRESTONE DEL CAMINO CENTRAL"
"C3FIRE005PW3","DEL CAMINO CENTRAL FG 2 2ND AMD"
"C3FIRE010","FIRESTONE DEL CAMINO JUNCTION"
"C3FIRE010PW1","FIRESTONE DEL CAMINO JUNCTION"
"C3FIRE010PW3","FIRESTONE DEL CAMINO JUNCTION"
"C3FIRE015","FIRESTONE DEL CAMINO W OF I-25"
"C3FIRE015PW1","TURNER COMMONS FG 1"
"C3FIRE020","FIRESTONE CENTER"
"C3FIRE020PW2","FIRESTONE CENTER"
"C3FIRE020PW3","FIRESTONE CENTER"
"C3FIRE025","FIRESTONE COMMUNITY MINOR"
"C3FIRE030","FIRESTONE MEADOWS PUD"
"C3FIRE035","FIRESTONE COLO BLVD AND GRANT"
"C3FIRE040","FIRESTONE COLO BLVD AND CR20"
"C3FIRE045","FIRESTONE CR20 AND FRONTIER ST"
"C3FIRE050","FIRESTONE RETAIL CENTER (SAFEWAY)"
"C3FIRE050PW1","FIRESTONE RETAIL CENTER (SAFEWAY)"
"C3FIRE055","FIRESTONE CIMARRON POINT APT"
"C3FIRE060","FIRESTONE 19 & 26 CROSSING FG 1"
"C3FIRE060PW1","FIRESTONE 19 & 26 CROSSING FG 1"
"C3FIRE065","FIRELIGHT PARK MINOR"
"C3FIRE065PW1","FIRELIGHT PARK MINOR"
"C3FRED000","FREDERICK DEL CAMINO SOUTH"
"C3FRED000PW1","FREDERICK DEL CAMINO SOUTH"
"C3FRED005PW1","FREDERICK PARK 4040 SUB"
"C3FRED010PW1","FREDERICK BEAR INDUSTRIAL"
"C3FRED015","FREDERICK RASPBERRY HILL BUSINESS PARK"
"C3FRED020","FREDERICK WEST BUSINESS CENTER"
"C3FRED025","FREDERICK INDIAN PEAKS"
"C3FRED030","FREDERICK EAGLE BUSINESS PARK"
"C3FRED030PW1","FREDERICK EAGLE BUSINESS PARK"
"C3FRED030PW2","FREDERICK EAGLE BUSINESS PARK FLG 5"
"C3FRED035","FREDERICK MEADOWLARK BUSINESS PARK"
"C3FRED035PW1","FREDERICK MEADOWLARK BUSINESS PARK"
"C3FRED035PW2","FREDERICK MEADOWLARK BUSINESS PARK"
"C3FRED040","FREDERICK ROCKY MOUNTAIN CHURCH"
"C3FRED045","FREDERICK TOPS BUSINESS PARK"
"C3FRED045PW1","FREDERICK TOPS BUSINESS PARK"
"C3FRED045PW2","FREDERICK TOPS BUSINESS PARK"
"C3FRED050PW1","FREDERICK HALLECK SUBDIVISION"
"C3FRED055","FREDERICK COMMERCIAL"
"C3FRED060","FREDERICK CARRIAGE HILLS MKT PL"
"C3FRED060PW1","CARRIAGE HILLS MARKETPLACE FLG 1 AMD A"
"C3FRED075","FREDERICK WHYDHAM HILL FG#3"
"C3FRED080","FREDERICK WYNDHAM HILL FG#6"
"C3FRED085","FREDERICK GLACIER BUSINESS PARK"
"C3FRED085PW4","FREDERICK GLACIER BUSINESS PARK"
"C3FRED085PW5","FREDERICK GLACIER BUSINESS PARK"
"C3FRED090PW1","CANINO AMD"
"C3FRED095PW1","SILVERSTONE MARKETPLACE"
"C3FRED100PW1","SILVERSTONE COMMONS MINOR"
"C3LONG000","LONGMONT SANDSTONE AND MCLANE"
"C3LONG000PW1","LONGMONT SANDSTONE AND MCLANE"
"C3LONG005","LONGMONT CONCEPTS DIRECT"
"C3LONG010PW1","SANDSTONE MARKETPLACE FG NO. 1 RPLT B"
"C3MEAD000","MEAD COMMERCIAL"
"C3MEAD005","MEAD ULTIMATE GARAGE CLUB"
"C3MEAD010","MEAD COMMERCIAL ACRES"
"C3MEAD015","MEAD RATERINK SUB"
"C3MEAD020PW1","MEAD RADEMAKER BUSINESS PARK"
"C3MEAD025","MEAD SEKICH, VALLEY 66, LYONS 66"
"C3MEAD025PW1","MEAD SEKICH, VALLEY 66, LYONS 66"
"C3MEAD030","MEAD CROSSINGS"
"C3MEAD035","MEAD RITCHIE BROTHERS"
"C3MEAD040PW1","POSTLE SUB FG#1"
"C3MEAD045PW1","ELEVATION 25 FILING NO. 1"
"C3MEAD050PW1","MEAD CROSSING AMD #2"
"C3SCHL000","SCHOOLS IN ECONOMIC AREA 3"
"C3WELD000","PANORAM INDUSTRIAL PARK SUB"
"C3WELD005","DEL CAMINO-WESTERN DAIRYMAN"
"C3WELD010","DEL CAMINO LONGMONT 119"
"C3WELD015","DEL CAMINO CENTER"
"C3WELD020","VISTA COMMERCIAL LONGMONT"
"C3WELD020PW1","VISTA COMMERCIAL LONGMONT"
"C3WELD025","SW COR COLO BLVD AND GODDING HOLLOW"
"C3WELD040","WELD TWN 1 RANGE 68"
"C3WELD045","VISTA COMMERCIAL LONGMONT"
"C4BRGT000","BRIGHTON INDUSTRIAL <3 ACRES"
"C4BRGT005","BRIGHTON INDUSTRIAL >3 ACRES"
"C4BRGT005PW1","BRIGHTON VESTAS NORTH CAMPUS"
"C4BRGT005TM1","BRIGHTON INDUSTRIAL >3 ACRES"
"C4CHUR000","CHURCH IN ECONOMIC AREA 4"
"C4FRED065","FREDERICK JOHNSON FARMS/SPINDLE HILL"
"C4FRED070","FREDERICK CARBON VALLEY COMMERCIAL"
"C4FTLP000","FORT LUPTON CENTRAL COMMERCIAL"
"C4FTLP005","FORT LUPTON NORTH COMMERCIAL"
"C4FTLP010","FORT LUPTON 52 COMMERCIAL"
"C4FTLP010PW1","FORT LUPTON VINCENT'S EAST ADD 3RD FILING"
"C4FTLP015","FORT LUPTON SOUTH 52 COMMERCIAL"
"C4FTLP020","FORT LUPTON CENTRAL INDUSTRIAL"
"C4FTLP025","FORT LUPTON NORTH INDUSTRIAL"
"C4FTLP030","FORT LUPTON SOUTH INDUSTRIAL"
"C4FTLP035","FORT LUPTON EAST INDUSTRIAL"
"C4FTLP040","FORT LUPTON GOLF"
"C4FTLP045","FORT LUPTON GOVERNMENT"
"C4FTLP050","FORT LUPTON APARTMENTS"
"C4FTLP055","FORT LUPTON CHURCHES"
"C4FTLP060PW1","ZADEL MINOR"
"C4FTLP065PW1","LUPTON VILLAGE"
"C4FTLP070","NORTHLAND"
"C4FTLP070PW1","NORTHLAND 2ND RP PHASE 1"
"C4FTLP070PW3","NORTHLAND 3RD F AMND 1"
"C4FTLP075","FORT LUPTON SCHOOLS"
"C4LOCH000","LOCHBUIE COMMERCIAL"
"C4LOCH000PW1","LOCHBUIE COMMERCIAL HIGHPLAINS FILING 1"
"C4LOCH005","LOCHBUIE LARGE COMMERCIAL"
"C4PLAT000","PLATTEVILLE COMMERCIAL"
"C4PLAT000PW1","PLATTEVILLE COLORADO PARK NORTH"
"C4PLAT005","PLATTEVILLE COMMERCIAL 85/66 INFLUENCE"
"C4PLAT010","PLATTEVILLE COMMERCIAL ENERGY PARK"
"C4PLAT010PW1","PLATTEVILLE COMMERCIAL ENERGY PARK LOT 2 REPLAT"
"C4PLAT015","PLATTEVILLE INDUSTRIAL HIGHWAY 85"
"C4PLAT020","PLATTEVILLE RURAL COMMERCIAL"
"C4PLAT025","PLATTE VIEW COMMERCE CENTER"
"C4SCHL000","SCHOOL IN ECONOMIC AREA 4"
"C4WATT000","WATTENBERG COMMERCIAL"
"C4WELD005","WELD RURAL COMMERCIAL LOCHBUIE"
"C4WELD030","WELD"
"C4WELD035","WELD TWN 2 RANGE 67"
"C5CHUR000","CHURCH IN ECONOMIC AREA 5"
"C5HUDS000","HUDSON COMMERCIAL"
"C5HUDS005","HUDSON INDUSTRIAL"
"C5HUDS010","HUDSON COMMERCIAL 52/76 INFLUENCE"
"C5HUDS010PW1","HUDSON COMM HWY 52/76 INFLUENCE"
"C5HUDS015","HUDSON RURAL COMMERCIAL"
"C5HUDS020","HUDSON COMMERCIAL 76 SOUTH"
"C5HUDS025","PILOT TRAVEL CENTERS FLG 1"
"C5HUDS030","HUDSON PLACE F1"
"C5KEEN000","KEENESBURG COMMERCIAL"
"C5KEEN000PW1","MARKET STREET BUSINESS PARK"
"C5KEEN000PW2","KEENESBURG COMMERCIAL"
"C5KEEN000PW3","MARKET STEET EAST"
"C5KEEN000TM1","KEENESBURG COMMERCIAL"
"C5KEEN005","KEENESBURG LANDFILL"
"C5ROGG000","ROGGEN COMMERCIAL"
"C5SCHL000","SCHOOL IN ECONOMIC AREA 5"
"C5WELD000","WELD COMMERCIAL RURAL PROSPECT VALLEY"
"C5WELD005","PLATTE VALLEY AIRPARK"
"C6CHUR000","CHURCHES IN ECONOMIC AREA 6"
"C6EVAN000","EVANS CENTRAL COMMERCIAL"
"C6EVAN000PW1","EVANS 31/32 ST SECTION 20 5-65 COMMERCIAL"
"C6EVAN000PW2","PEERLESS TYRES SUBDIVISION FINAL PLAT"
"C6EVAN000PW3","JUNCTION AT EVANS"
"C6EVAN005","EVANS 23RD AVE COMMERCIAL"
"C6EVAN005PW1","EVANS VILLAGE 5TH FILING COMMERCIAL"
"C6EVAN005PW3","EVANS CHAPPELOW VILLAGE 2ND REPLAT A COMMERCIAL"
"C6EVAN005PW4","EVANS SAM'S AT THE LANDINGS COMMERCIAL"
"C6EVAN010","EVANS 35TH AVE COMMERCIAL EAST"
"C6EVAN010PW1","EVANS HUNTER'S RESERVE CENTER COMMERCIAL"
"C6EVAN010PW2","EVANS HUNTER'S RESERVE CENTER FLNG NO. 2 MNR  SUB"
"C6EVAN015","EVANS S 85 COMMERCIAL"
"C6EVAN015PW1","EVANS COUNTRY MEADOWS SUB COMMERCIAL"
"C6EVAN020","EVANS COMMERCIAL CONDOS"
"C6EVAN025","EVANS INDUSTRIAL"
"C6EVAN030","EVANS SOUTH INDUSTRIAL"
"C6EVAN030PW1","EVANS STONEGATE INDUSTRIAL PARK"
"C6EVAN035","EVANS PLATTE RIVER COMMERCIAL"
"C6EVAN040","EVANS APARTMENTS EAST"
"C6EVAN040PW1","EVANS GROVE MINOR REPLAT APARTMENTS"
"C6EVAN040PW3","RESERVE AT CRESCENT COVE"
"C6EVAN045","MOUNTAIN TRAX SUBDIVISION"
"C6GCLT005","GILCREST RURAL COMMERCIAL"
"C6GCTY005","G.C. S. 8TH AVE"
"C6GCTY010","G.C. OFF S. 8TH AVE"
"C6GLCT000","GILCREST COMMERCIAL"
"C6GRLY005","APARTMENTS NORTH GREELEY"
"C6GRLY010","MEDICAL OFFICE E OF 23RD"
"C6GRLY010ATT","MEDICAL OFFICE E OF 23RD"
"C6GRLY015","APARTMENTS S OF 17TH ST"
"C6GRLY025","APARTMENTS S OF 16TH E OF 7TH AVE"
"C6GRLY030","APARTMENTS E OF HWY 85"
"C6GRLY035","WELD COUNTY CAMPUS AREA"
"C6GRLY040","GREELEY AIRPORT"
"C6GRLY050","HWY 85 CORRIDOR"
"C6GRLY055","WESTERN SUGAR GRLY"
"C6GRLY060","GREELEY IND SOUTH OF 8 ST;  EAST OF 7 AV"
"C6GRLY065","NORTH WELD MINOR SUB"
"C6GRLY070","LARGE LOTS E OF AIRPORT"
"C6GRLY070PW1","ASH 9-B"
"C6GRLY075","GREELEY LARGE IND NORTH 5 ST EAST 11 AV"
"C6GRLY075PW1","GREELEY LARGE IND NORTH 5 ST EAST 11 AV"
"C6GRLY080","COMM N-S 8-16 & EAST 7 AV"
"C6GRLY085","COMM N 5 ST E-W 7-11 AV"
"C6GRLY095","N 4TH ST TO RR"
"C6GRLY100","UNC"
"C6GRLY105","COMM N 11 ST E 11 AV"
"C6GRLY110","COMM S 11 ST E 11 AV"
"C6GRLY112","GRLY S 11TH AVE"
"C6GRLY115","ISLAND GROVE"
"C6GRLY120","3-9 ACRES E OF 85"
"C6GRLY125","UP TO 3 ACRES E OF HWY 85"
"C6GRLY130","10 PLUS ACRES E OF 85"
"C6GRLY135","IRONWOOD BUSINESS PARK"
"C6GRLY135PW1","IRONWOOD REPLAT"
"C6GRLY140","GRLY S. 8TH AVE"
"C6GRLY145","PARKVIEW MIXED USE"
"C6GRLY150","GREELEY IND RURAL NW 10 OR MORE ACRES"
"C6GRLY151","GREELEY INDUSTRIAL SOUTH"
"C6GRLY155","GREELEY IND RURAL NW 4-9 ACRES"
"C6GRLY160","GREELEY IND RURAL NW  1-3 ACRES"
"C6GRLY165","KEE MC SUB"
"C6GRLY170","GREELEY S. 23RD AVE"
"C6GRLY175","9 ST (11 AV TO 23 AV)"
"C6GRLY300","GREELEY MALL"
"C6GRLY305","GREELEY 1ST AVE WEST (31ST ST TO HWY 34 COMMERCIAL"
"C6GRLY310","GREELEY 1ST AVE EAST (31ST ST TO HWY 34 COMMERCIAL"
"C6GRLY315","GREELEY 23RD AVE (26 TO 32ND ST) W TO 28TH AVE COM"
"C6GRLY320","GREELEY 29TH ST (28TH AVE TO 35TH AVE) COMMERCIAL"
"C6GRLY320PW1","GREELEY PLAZA COMMERCIAL PARK COMMERCIAL"
"C6GRLY325","GREELEY SUNSET MEMORIAL GARDENS"
"C6KRSY000","KERSEY COMMERCIAL"
"C6KRSY000PW1","KERSEY BERRYMAN FARM MINOR SUB"
"C6KRSY005","KERSEY COMMERCIAL HIGHWAY 34"
"C6KRSY005PW1","KERSEY COMMERCIAL HWY 34"
"C6KRSY010","KERSEY COMMERCIAL HWY 34 TRANSPORTATION CTR"
"C6KRSY015","KERSEY APARTMENTS"
"C6KRSY020","KERSEY RURAL COMMERCIAL"
"C6LASA000","LA SALLE COMMERCIAL HIGHWAY 85 INFLUENCE"
"C6LASA005","LASALLE COMMERCIAL OFF HIGHWAY 85"
"C6LASA010","LA SALLE RURAL COMMERCIAL"
"C6LUCN005","LUCERNE COMMERCIAL SMALL"
"C6LUCN010","LUCERNE INDUSTRIAL LARGE"
"C6SCHL000","SCHOOL IN ECONOMIC AREA 6"
"C6WELD000","WELD COUNTY INDUSTRIAL PARK PECKHAM"
"C6WELD005","WELD RURAL COMMERCIAL HWY 34 EAST"
"C6WELD025","EATON COMM LARGE"
"C7BGDL005","BRIGGSDALE COMMERCIAL"
"C7BGDL010","BRIGGSDALE COMMERCIAL LARGE"
"C7CARR005","CARR COMMERCIAL"
"C7CHUR000","CHURCH IN ECONOMIC AREA 7"
"C7GALE000","GALETON COMMERCIAL"
"C7GILL000","GILL COMMERCIAL"
"C7GRLY000","UNION COLONY IND"
"C7GRVR005","GROVER COMMERCIAL"
"C7HERF005","HEREFORD COMMERCIAL"
"C7NRMR005","NEW RAYMER COMMERCIAL"
"C7NRMR005PW1","NEW RAYMER COMMERCIAL MPW"
"C7NRMR005PW2","CENTENNIAL SUB-RAYMER"
"C7SCHL000","SCHOOLS IN ECONOMIC AREA 7"
"C7STNH005","STONEHAM COMMERCIAL"
"C7WELD005","E7 COMM E OF GREELEY"
"C8NUNN005","NUNN COMMERCIAL"
"C8NUNN010","NUNN INDUSTRIAL"
"C8NUNN010PW1","NUNN INDUSTRIAL"
"C8NUNN010PW2","NUNN INDUSTRIAL"
"C8NUNN010PW3","NUNN INDUSTRIAL - YOUNELLS"
"C8PRCE005","PIERCE COMMERCIAL"
"C8PRCE010","PIERCE INDUSTRIAL"
"C8PRCE015","PIERCE COMMERCIAL LARGE"
"C9AULT005","AULT COMM"
"C9AULT010","AULT INDUSTRIAL"
"C9AULT015","AULT INDUSTRIAL OUT LYING"
"C9AULT020","AULT INDUSTRIAL LARGE"
"C9AULT025","HIGHLAND IND PARK"
"C9AULT030 ","CONESTOGA 1ST FG 8TH RPLT"
"C9CHUR000","CHURCH IN ECONOMIC AREA 9"
"C9EATN005","EATON APARTMENTS"
"C9EATN010","EATON COMM"
"C9EATN015","EATON IND I-2 LARGE LOTS"
"C9EATN020","EATON IND I-2 SMALL LOTS"
"C9EATN025","REPLAT OF EAT IND PARK BK2"
"C9EATN025PW3","EATON INDUSTRIAL REPLAT F"
"C9EATN030","MAPLEWOOD ESTATES FIRST REPLAT"
"C9EATN030PW1","MAPLEWOOD ESTATES 2ND REPLAT"
"C9EATN030PW2","MAPLEWOOD ESTATES THIRD REPLAT"
"C9EATN030PW3","MAPLEWOOD ESTATES PUD 5TH REPL"
"C9EATN035","LOTS 3,4 & OUT LOT4B, & LOT 5"
"C9EATN040PW1","1ST REPLAT LOT 1, PADS 2,3,4,5"
"C9EATN045","EATON COBBLESTONE"
"C9SCHL000","SCHOOLS IN ECONOMIC AREA 9"
"C9WELD010","RURAL NORTH GREELEY"
"C9WELD905","TWN 7  RANGE 65"
"GRLY12","COMM S 11 ST E 11 AV"
"NATRSRCSUPRT","NATURAL RESOURCE SUPPORT LAND"
"NEWACCTS","NEW ACCOUNTS"
"POSSESSORY","POSSESSORY INTEREST ACCT"
"R0BRTH000","SERENITY RIDGE"
"R0BRTH005","CRESWELL II"
"R0JOHN000","JOHNSTOWN"
"R0JOHN005","JOHNSTOWN MULTI"
"R0JOHN010","JOHNSTOWN COLONY"
"R0JOHN015","CHARLOTTE SQUARE"
"R0JOHN020","JOHNSTOWN HEIGHTS"
"R0JOHN025","KNOLLS"
"R0JOHN030","KNOLLS CONDO/TWN"
"R0JOHN035","REDSTONE HILLS"
"R0JOHN040","SUNRISE RIDGE"
"R0JOHN045","COUNTRY ACRES"
"R0JOHN050","JOHNSTOWN CENTER"
"R0JOHN055","JOHNSTOWN FARMS"
"R0JOHN065","JOHNSTOWN SQUARE MULTI"
"R0JOHN070","COTTONWOOD COURT"
"R0JOHN075","LAWRENCE ADD"
"R0JOHN080","ROLLING HILLS RANCH"
"R0JOHN085","ROLLING HILLS RANCH PATIO HOMES"
"R0JOHN090","ROLLING HILLS RANCH TOWNHOMES"
"R0JOHN095","ROLLING HILLS RANCH DARLINGTON"
"R0JOHN100","ROLLING HILLS RANCH LARGE LOTS"
"R0JOHN105","PODTBURG VILLAGE"
"R0JOHN110","CLEARVIEW"
"R0JOHN115","CORBETT GLEN"
"R0JOHN120","CARLSON FARMS"
"R0JOHN125","ROCKSBURY RIDGE"
"R0JOHN130","STROH FARM"
"R0JOHN140","GRAYS FARM"
"R0JOHN145","MOUNTAIN VIEW WEST"
"R0JOHN145PW1","MOUNTAIN VIEW WEST 3RD RPLT"
"R0JOHN150","NORTH JOHNSTOWN"
"R0JOHN155PW1","JOHNSTOWN VILLAGE"
"R0JOHN155PW2","JOHNSTOWN VILLAGE FG # 2"
"R0JOHN160","JOHNSTOWN FARMS FG #3"
"R0JOHN161","JOHNSTOWN FARMS FG #2"
"R0JOHN165","REVERE AT JOHNSTOWN F#1"
"R0JOHN166","REVERE AT JOHNSTOWN TOWNHOMES"
"R0JOHN170","MOUNTAIN VIEW WEST 1ST REPLAT"
"R0JOHN175","JOHNSTOWN VILLAGE FG # 3"
"R0JOHN180","CORBETT GLEN FG 8"
"R0JOHN190","GRANARY SUB FG 1"
"R0JOHN190PW1","GRANARY FG THREE"
"R0JOHN195","PAUTLER FARMS ESTATES"
"R0JOHN205","EAST LEDGE ROCK CENTER FG NO. 3"
"R0JOHN210","PURVIS FARM"
"R0JOHN215","SETTLERS CROSSING"
"R0JOHN220","BLUE PRAIRIE SKY FG 1"
"R0JOHN900","JOHNSTOWN MH  PARK"
"R0JOHN905","PARADISE VILLAGE MH PARK"
"R0MILL000","MILLIKEN"
"R0MILL000PW1","MILLIKEN"
"R0MILL000PW2","MILLIKEN"
"R0MILL005","MILLIKEN DUPLEX"
"R0MILL010","WAL MAR"
"R0MILL015","FRANK FARM"
"R0MILL020","DOVE VALLEY"
"R0MILL025","CENTENNIAL FARM"
"R0MILL030","COLONY POINTE"
"R0MILL035","SETTLERS VILLAGE"
"R0MILL040PW1","FOSSIL PARK"
"R0MILL045","BROOKSTONE"
"R0MILL045PW1","BROOKSTONE"
"R0MILL050PW1","SUNFIELD"
"R0MILL050PW2","SUNFIELD FG 2"
"R0MILL055","MAD RUSSIAN"
"R0MILL060","MAD RUSSIAN/BLEHM ESTATES"
"R0MILL065","MILL IRON"
"R0MILL070","9102 CR 44 SUB"
"R0MILL075","WILDCAT"
"R0MILL080","PEREGRINE/EHRLICH"
"R0MILL085","MEADOW FARMS"
"R0MILL090","SCHNEIDER SUB"
"R0MILL095","IRON HORSE TOWNHOMES"
"R0MILL900","EVERGREEN MH PARK"
"R0OTHR000","DAIRY ECON 0"
"R0OTHR005","FEED LOT ECON 0"
"R0RLND000","MILLIKEN RURAL"
"R0RLND005","BERTHOUD RURAL"
"R0RLND010","JOHNSTOWN RURAL"
"R0WELD000","LAKOTA LAKES RANCH PUD"
"R0WELD005","HERITAGE CROSSING RANCH PUD"
"R0WELD015","SCHULTZ FIRST"
"R0WELD020","5225 ESTATES PUD"
"R0WELD025","THE MEADOWS ESTATES PUD"
"R0WELD030","GARCIA PUD"
"R0WELD035","LAS HACIENDAS PUD"
"R0WELD040","TWIN VIEW ESTATES PUD"
"R0WELD045","DOVE HAVEN PUD"
"R0WELD050","MARKHAM VIEW ESTATES PUD"
"R0WELD051","SPANISH FOX ESTAES"
"R0WELD055","NORTHMOOR ACRES"
"R0WELD060","LITTLE THOMPSON VALLEY ESTATES"
"R0WELD065","MILL CREEK PUD"
"R0WELD070","SUNCATCHER"
"R0WELD075","THOMPSON VALLEY SUBDIVISION RES21-0010"
"R2EVAN000","ROCKY MOUNTAIN CROSSROADS"
"R2EVAN005","REHMER LAKE"
"R2EVAN010","OWL TREE"
"R2EVAN015","ORCHARD PARK CONDOS"
"R2EVAN020","TUSCANY"
"R2EVAN025","TUSCANY TOWNHOMES"
"R2EVAN025PW1","TUSCANY TOWNHOMES"
"R2EVAN030","GRAPEVINE"
"R2EVAN035","GRAPEVINE DUPLEXES"
"R2EVAN040","VINTAGE VILLAS"
"R2EVAN045","ASHCROFT HEIGHTS"
"R2EVAN050","ASHCROFT PARK"
"R2EVAN055","NEVILLES CROSSING"
"R2EVAN060","MONTEVISTA CONDOS"
"R2EVAN065","JD"
"R2EVAN070","FOX CROSSING CONDOS"
"R2EVAN075","LIBERTY DRAW FG NO 1"
"R2EVAN075PW1","LIBERTY DRAW FG 2"
"R2EVAN080","GRAPEVINE HOLLOW 2ND FG RPLT OUTLOT 11"
"R2GRLY000","BOOMERANG RANCH"
"R2GRLY005","BOOMERANG RUN/CANBERRA"
"R2GRLY010","AUBREY ACRES"
"R2GRLY015","CEDARWOOD SUB"
"R2GRLY020","FOX RUN"
"R2GRLY025","HUNTERS COVE"
"R2GRLY030","KNAUS SUB"
"R2GRLY035","MOUNTAIN SHADOWS"
"R2GRLY040","MOUINTAIN VISTA"
"R2GRLY045","MOUNTAINA VISTA PATIO HOMES"
"R2GRLY050","NOTHRIDGE ESTATES"
"R2GRLY050PW1","NOTHRIDGE ESTATES"
"R2GRLY055","PEBBLE BROOK"
"R2GRLY065","POUDRE RIVER RANCH"
"R2GRLY070","SHEEP DRAW"
"R2GRLY075","TRAILS AT SHEEP DRAW"
"R2GRLY080","SUMMER PARK"
"R2GRLY085","WESTRIDGE VILLAGE"
"R2GRLY090","PUMPKIN RIDGE"
"R2GRLY095","COTTESMORE RESERVE"
"R2GRLY100","KELLY FARM"
"R2GRLY105","WEBER WEST"
"R2GRLY110","PHEASANT RUN"
"R2GRLY115","LARSON"
"R2GRLY120","JOHNSON"
"R2GRLY125","EDWARDS"
"R2GRLY130","WESTMOOR"
"R2GRLY135","WESTMOOR DUPLEX"
"R2GRLY140","WEST POINT"
"R2GRLY140ATT","WEST POINT"
"R2GRLY140PW1","WEST POINT"
"R2GRLY145","WEST POINT RIDGE"
"R2GRLY150","WEST POINT DUPLEX"
"R2GRLY155","STONEYBROOK"
"R2GRLY170","KELLY FARM DUPLEX"
"R2GRLY171","COTTAGES AT KELLY FARM 1ST REPLAT"
"R2GRLY175","DOVE HILL"
"R2GRLY180","NW GREELEY APARTMENTS"
"R2GRLY190","EDWARDS TOWNHOMES"
"R2GRLY195","HUNTERS COVE DUPLEX"
"R2GRLY200","JB ACRES"
"R2GRLY205","KOALA COURT"
"R2GRLY210","POUDRE RIVER RANCH/RIVER RUN PATIO HOMES WEST"
"R2GRLY215","POUDRE RIVER RANCH/RIVER RUN PATIO HOMES"
"R2GRLY220PW1","POUDRE RIVER RANCH/RIVER RUN PATIO HOMES"
"R2GRLY220PW2","POUDRE RIVER RANCH/RIVER RUN PATIO HOMES"
"R2GRLY225","PUMPKIN RIDGE DUPLEX"
"R2GRLY230","PUMPKIN RIDGE CONDO"
"R2GRLY235","TRIPLE CREEK"
"R2GRLY245","GATEWAY ESTATES"
"R2GRLY250","GATEWAY LAKES"
"R2GRLY255","ST MICHAELS"
"R2GRLY260","ST MICHAELS DUPLEXES"
"R2GRLY265","T-BONE RANCH"
"R2GRLY270","HOMESTEAD HEIGHTS"
"R2GRLY275","HIGHLAND PARK WEST"
"R2GRLY280","HIGHLAND HILLS"
"R2GRLY281","GRAPEVINE TOWNHOMES"
"R2GRLY285","HIGHLAND GREEN"
"R2GRLY290","LUNDVALL"
"R2GRLY295","ALLISON FARM"
"R2GRLY300","VIRGINIA HILLS"
"R2GRLY305","WESTRIDGE"
"R2GRLY310","WILLOWOOD"
"R2GRLY315","VILLAGE OF FOXHILL"
"R2GRLY320","STONE CREEK CONDOS"
"R2GRLY330","PROSPECTS AT T-BONE"
"R2GRLY335","PETERSON"
"R2GRLY340","MTN VIEW AT T-BONE"
"R2GRLY345","MEADOWVIEW"
"R2GRLY350","MEADOWVIEW CONDOS"
"R2GRLY355","MEADOWVIEW AT T-BONE"
"R2GRLY360","MEADOWS GREELEY"
"R2GRLY365","MEADOW ACRES"
"R2GRLY370","LONGVIEW CONDOS"
"R2GRLY375","LOMA LINDA ESTATES"
"R2GRLY380","HOMESTEAD CONDOS"
"R2GRLY385","GREYSTONE AT FOXHILL"
"R2GRLY395","FOXHILL BLOCKS 3 & 4"
"R2GRLY400","FOXHILL BLOCKS 1 & 2"
"R2GRLY410","DRAKES CROSSING"
"R2GRLY415","DEVON AT FOXHILL"
"R2GRLY420","COVIINGTON KNOLLS"
"R2GRLY425","CENTERPLACE NORTH"
"R2GRLY430","BLUEJAY WAY"
"R2GRLY435","BIRD"
"R2GRLY440","AUSTIN"
"R2GRLY445","ASHTON ESTATES"
"R2GRLY450","ANNE REA MINOR"
"R2GRLY455","ANDERSON"
"R2GRLY460","OWL RIDGE"
"R2GRLY465","LONGVIEW"
"R2GRLY470","WEST FORK CONDOS"
"R2GRLY475PW1","WESTGATE FG 1"
"R2GRLY500PW1","RANGEVIEW"
"R2GRLY505","RANGEVIEW COMMONS"
"R2GRLY510","HIGHLAND ACRES"
"R2GRLY515","RANGEVIEW NORTH"
"R2GRLY520","RANGEVIEW ESTATES"
"R2GRLY525","PINE RIDGE"
"R2GRLY530","PROMONTORY"
"R2GRLY530PW1","PROMONTORY 2ND FG"
"R2GRLY530PW2","PROMONTORY 3RD FG"
"R2GRLY530PW2A","PROMONTORY 3RD FG WATER/SEWER"
"R2GRLY530PW3","PROMONTORY IMAGINE SCHOOL 3RD FG"
"R2GRLY535","MAYFAIR GREEN"
"R2GRLY540","HILAND KNOLLS TOWNHOUSES"
"R2GRLY545","HILAND KNOLLS"
"R2GRLY550","FAIRWAY FOUR"
"R2GRLY555","COLLEGE GREEN"
"R2GRLY560","COUNTRY CLUB"
"R2GRLY565","COUNTRY CLUB ESTATES"
"R2GRLY570","COLLEGE GREEN TOWNHOUSES"
"R2GRLY575","COUNTRY CLUB CONDOS"
"R2GRLY575TM4","COUNTRY CLUB CONDOS"
"R2GRLY580","COUNTRY CLUB VISTA"
"R2GRLY585","COUNTRY CLUB WEST"
"R2GRLY590","COUNTRY CLUB WEST GOLF"
"R2GRLY595","BITTERSWEET"
"R2GRLY600","BITTERSWEET POINTE TOWNHOUSES"
"R2GRLY605","BITTERSWEET VILLAGE"
"R2GRLY606","BITTERSWEET CONDOS"
"R2GRLY610","CAMBRIDGE GLEN"
"R2GRLY615","CARDINAL ACRES"
"R2GRLY620","COUNTRY MEADOWS"
"R2GRLY625","GREENFIELD STATION"
"R2GRLY630","HILLTOP"
"R2GRLY635","ORCHARDS"
"R2GRLY640","VENTANA VILLAS"
"R2GRLY645","VILLA SERENA"
"R2GRLY655","WEST HAVEN"
"R2GRLY660","CEDARWOOD CONDO"
"R2GRLY665","WESTERN HILLS"
"R2GRLY670","EDWARDS HEIGHTS CONDOS"
"R2GRLY675","COUNTRY CLUB SOUTH"
"R2GRLY680","RENAISSANCE AT FOXHILL"
"R2GRLY690","MONTERREY CONDOS"
"R2GRLY695","PARKVIEW CONDOS"
"R2GRLY700","CROSIERS CORNER CONDOS"
"R2GRLY705","WEST POINT CONDOS"
"R2GRLY720","CITY CENTER RESIDENTIAL"
"R2GRLY720PW1A","CITY CENTER WEST WATER,SEWER,OIL,GAS"
"R2GRLY745","LAKE BLUFF"
"R2GRLY755","PEAKVIEW FG 1"
"R2GRLY760","WESTRIDGE 5TH FG 2ND RPLT"
"R2GRLY765","LAKE BLUFF FG NO 1"
"R2GRLY765PW1","LAKE BLUFF FG1"
"R2GRLY765PW1A","LAKE BLUFF FG 1 WATER SEWER"
"R2GRLY765PW1B","LAKE BLUFF FG 1 WSSCG"
"R2GRLY765PW2","LAKE BLUFF FG NO. 3"
"R2GRLY770","LAKE BLUFF FG NO 2"
"R2GRLY775","CACHE FG 1"
"R2GRLY775PW1","CACHE FG 2"
"R2GRLY785","UNION COLONY WEST"
"R2GRLY785PW1","UNION COLONY WEST 1ST FG"
"R2GRLY785PW1A","UNION COLONY WEST 1ST FG WATER/SEWER"
"R2GRLY900","STONEYBROOK MH PARK"
"R2GRLY905","ROCKY MOUNTAIN VIEW RV PARK"
"R2MILL000","HOMESTEAD AT ASHTON"
"R2OTHR000","DAIRY ECON 2"
"R2OTHR005","FEED LOT ECON 2"
"R2OTHR010","CHIKENS ECON 2"
"R2OTHR020","SHEEP ECON 2"
"R2OTHR040","BEET DUMP ECON 2"
"R2OTHR045","SALVAGE ECON 2"
"R2OTHR055","OTHER AG"
"R2OTHR065","OTHER AG - HORSES ECON 2"
"R2OTHR070","PASTURE MARKET ECON 2"
"R2OTHR080","RIVER BOTTOM/ LAKE ECON 2"
"R2RLND000","WINDSOR RURAL"
"R2RLND005","SW GREELEY RURAL"
"R2RLND010","W GREELEY RURAL"
"R2RLND015","SEVERANCE RURAL"
"R2SVRN005","SOARING EAGLE"
"R2SVRN010","SEVERANCE SHORES"
"R2SVRN015","FOX RIDGE"
"R2SVRN020","HUNTERS CROSSING"
"R2SVRN030PW1","SADDLER WEST"
"R2SVRN035PW1","SADDLER EAST"
"R2SVRN100","SEVERANCE"
"R2SVRN105","SETTLERS LANDING"
"R2SVRN110","HUNTER HILL"
"R2SVRN115","FRANKLINS"
"R2SVRN120","BELMONT"
"R2SVRN125","CASA LOMA"
"R2SVRN130","ROMERO'S"
"R2SVRN135","BALDRIDGE AG"
"R2SVRN140","BALDRIDGE"
"R2SVRN145","PARKVIEW"
"R2SVRN150","FERGUSON"
"R2SVRN155","TIMBERIDGE"
"R2SVRN160","TAILHOLT"
"R2SVRN160PW1","TAILHOLT"
"R2SVRN161","TAILHOLT 4TH FILING"
"R2SVRN161PW1","TAILHOLT FG4 WATER SEWER GRADING"
"R2SVRN170","SUMMIT VIEW"
"R2SVRN175","SUNSET RIDGE"
"R2SVRN180","SUNSET RIDGE TOWNHOMES"
"R2SVRN185","OVERLOOK"
"R2SVRN190","HIDDEN VALLEY FARM"
"R2SVRN190PW3","HIDDEN VALLEY FARM 6TH FG"
"R2SVRN195","PARK RIDGE"
"R2SVRN200","GOLDEN EAGLE"
"R2SVRN205","HUNTER HILL PATIO HOMES"
"R2WELD000","BRACEWELL"
"R2WELD005","BUXMAN ESTATES"
"R2WELD010","CLARK"
"R2WELD015","POUDRE CITY"
"R2WELD020","SIERRA ACRES"
"R2WELD025","STEPHEN FARM"
"R2WELD030","SEELEY LAKE"
"R2WELD035","RIVER VIEW"
"R2WELD045","EAGLE VIEW FARMS"
"R2WELD050","PHEASANT CREST ESTATES"
"R2WELD060","MORIAH ESTATES"
"R2WELD070PW1","HOME RANCH"
"R2WELD075","REMINGTON PLACE"
"R2WELD080","SKYLARK RANCH"
"R2WELD085","VALLEY VIEW ACRES"
"R2WELD090","SHILOH ESTATES"
"R2WELD200","INDIANHEAD"
"R2WELD205","COYOTE RIDGE PUD"
"R2WELD210","CATTAIL CREEK"
"R2WELD215","COALBANK CREST"
"R2WELD220","WB FARMS ESTATES"
"R2WELD225","ANTELOPE HILLS"
"R2WELD227","DALTONS RUN"
"R2WELD230","KENNEDY SUB"
"R2WELD235","WINTER KNOLLS"
"R2WELD240","COYOTE RUN"
"R2WELD245","PINNACLE"
"R2WELD250","GANDER VALLEY"
"R2WELD255","HIMMEL"
"R2WELD275","PRAIRIE RIDGE ESTATES"
"R2WELD280","NORTHWEST ESTATES"
"R2WELD285","ROTH"
"R2WELD290","SAGE HILL"
"R2WELD295","VALLEY VIEW RANCH"
"R2WELD300","SERENITY VIEW"
"R2WELD305","SUNSET RIDGE"
"R2WELD600","HILL N PARK"
"R2WELD605","DOS RIOS"
"R2WELD610","INDIAN HILLS"
"R2WELD615","ARROWHEAD"
"R2WELD680","ORR MINOR"
"R2WELD685","SCHANK-RI-LA"
"R2WELD700","TRAUTMAN"
"R2WELD705","HILLCREST ESTATES"
"R2WELD710","WINDSONG RANCH"
"R2WELD715","WILLOW SPRINGS"
"R2WELD900","PINE LAKE RESORT MH PARK"
"R2WIND000","CORNERSTONE"
"R2WIND005","CHIMNEY PARK TOWNHOMES"
"R2WIND010","ORIGINAL TOWN WINDSOR"
"R2WIND015","WILLOW PARK"
"R2WIND020","CHESTNUT VILLAGE"
"R2WIND025","VISTA GRANDE"
"R2WIND030","OLD TOWN MAIN"
"R2WIND035","WESTVIEW"
"R2WIND045","MOUNTAIN VISTA"
"R2WIND050","WINDSOR LARGER LOTS"
"R2WIND060","GROVE PARK"
"R2WIND065","WESTVIEW TOWNHOMES"
"R2WIND070","GLEN ROCK TOWNHOMES"
"R2WIND075","LAKEVIEW"
"R2WIND080","CALABRIA"
"R2WIND085","PIKE SUBDIVISION"
"R2WIND090","COONS"
"R2WIND095","ASPEN LEAF CONDOS"
"R2WIND100","KRUGER CONDO"
"R2WIND105","WINDSOR MANOR CONDO"
"R2WIND110","MEADOWS IN GRASSLAND CONDOS"
"R2WIND115","EAGLES NEST CONDOS"
"R2WIND120","LIGHTHOUSE POINT CONDOS"
"R2WIND125","BOARDWALK AT PELICAN BAY CONDO"
"R2WIND130","SUNSET BAY LUXURY LODGES CONDO"
"R2WIND135","CONDOS AT WINDSOR LAKE"
"R2WIND140","ALEXANDER ESTATES"
"R2WIND145","THE RIDGE AT HARMONY"
"R2WIND155","NORTH SHORES AT WINDSOR"
"R2WIND160","VENTANA"
"R2WIND165","WINDSOR ESTATES"
"R2WIND170","WINDSHIRE PARK"
"R2WIND170PW1","WINDSHIRE PARK"
"R2WIND180","JACOBY FARM"
"R2WIND185","JACOBY FARM TOWNHOMES"
"R2WIND195","BRUNNER FARM"
"R2WIND200","WINDSOR MANOR"
"R2WIND205","GRASSLANDS PARK"
"R2WIND210PW1","GREENSPIRE"
"R2WIND210PW2","GREENSPIRE COST PW"
"R2WIND213","GREENSPIRE 4TH FG"
"R2WIND213PW1","GREENSPIRE 6TH FG"
"R2WIND215","WINTER FARM 1ST"
"R2WIND217","GREENSPIRE FIFTH FG"
"R2WIND220","WINTER FARM WATER"
"R2WIND225","VILLAGE EAST"
"R2WIND226","VILLAGE EAST 8TH FG"
"R2WIND230","WESTWOOD VILLAGE"
"R2WIND240","WESTWOOD VILLAGE AG"
"R2WIND245","RIVER BEND"
"R2WIND250","RIVER BEND PATIO HOMES"
"R2WIND255","WINDSOR WEST"
"R2WIND260","RIVER TRAILS"
"R2WIND265","MOUNTAIN VIEW"
"R2WIND270","GOVERNORS FARM"
"R2WIND275","POUDRE HEIGHTS"
"R2WIND276","POUDRE HEIGHTS 3RD FG"
"R2WIND276PW1","POUDRE HEIGHTS 3RD"
"R2WIND276PW1A","POUDRE HEIGHTS WSE"
"R2WIND276PW1B","POUDRE HEIGHTS WS"
"R2WIND277","POUDRE HEIGHTS 5TH FG"
"R2WIND277PW1","POUDRE HEIGHTS 5TH FG"
"R2WIND277PW1A","POUDRE HEIGHTS 5TH FG MPW"
"R2WIND280","HILLTOP ESTATES"
"R2WIND290","SOUTH HILL"
"R2WIND295","SOUTH HILL LARGE LOTS"
"R2WIND300","SOUTH HILL VIEW"
"R2WIND305","SOUTH HILL COMMERCIAL"
"R2WIND305PW1","SOUTH HILL REPLAT 15"
"R2WIND310","RAINDANCE"
"R2WIND315","RAINDANCE FLATS CONDOMINIUM"
"R2WIND350","WATER VALLEY NORTH"
"R2WIND355","WATER VALLEY NORTH ON WATER"
"R2WIND360","WATER VALLEY NORTH VIEW"
"R2WIND365","WATER VALLEY NORTH PATIO HOMES"
"R2WIND370","PELICAN BAY TOWNHOMES WV"
"R2WIND375","PELICAN BAY TOWNHOMES ON WATER"
"R2WIND380","PELICAN NEST TOWNHOMES WV"
"R2WIND385","PELICAN NEST TOWNHOMES ON WATER"
"R2WIND390","CRYSTAL BEACH TOWNHOMES WV"
"R2WIND395","CRYSTAL BEACH TOWNHOMES WV ON WATER"
"R2WIND400","WATER VALLEY WATERFRONT PATIO HOMES"
"R2WIND405","WATER VALLEY WATERFRONT PATIO HOMES ON WATER"
"R2WIND410","WATER VALLEY ESTATE"
"R2WIND415PW1","WATER VALLEY SOUTH SEAHORSE"
"R2WIND420","WATER VALLEY SOUTH SM GOLF COURSE"
"R2WIND420PW1","WATER VALLEY SOUTH SM GOLF COURSE"
"R2WIND425PW1","WATER VALLEY SOUTH MARINA"
"R2WIND435PW1","TIDEWATER PATIO HOMES WV"
"R2WIND440PW1","TIDEWATER PATIO HOMES GOLF COURSE"
"R2WIND445","WATER VALLEY SOUTH"
"R2WIND450","WATER VALLEY SOUTH ON WATER"
"R2WIND455","WATER VALLEY SOUTH GOLF COURSE"
"R2WIND460","WATER VALLEY PATIO HOMES"
"R2WIND465","WATER VALLEY PATIO HOMES ON WATER"
"R2WIND470","LIGHTHOUSE POINT TOWNHOMES WV"
"R2WIND475","LIGHTHOUSE POINT TOWNHOMES ON WATER WV"
"R2WIND480","WATER VALLEY SOUTHEAST"
"R2WIND485","WATER VALLEY WEST PATIO HOMES"
"R2WIND490","WATER VALLEY WEST PATIO ON WATER"
"R2WIND500","WINDSOR EXEMPT"
"R2WIND505","WINDSOR INDUSTRIAL"
"R2WIND510","WATER VALLEY GENERAL COMMON ELEMENTS"
"R2WIND515PW1","RAINDANCE 2ND FG"
"R2WIND520PW1","RAINDANCE"
"R2WIND521PW1","RAINDANCE 1ST FG LARGE"
"R2WIND525PW1","RAINDANCE 3RD FG"
"R2WIND530PW1","RAINDANCE 6TH FG"
"R2WIND545PW1","RAINDANCE 8TH FG"
"R2WIND550PW1","RAINDANCE 9TH FG"
"R2WIND555","RAINDANCE 15TH FG"
"R2WIND560","RAINDANCE 16TH FG"
"R2WIND565","RAINDANCE 17TH FG"
"R2WIND570","RAINDANCE 18TH FG"
"R2WIND575","RAINDANCE 19TH FG"
"R2WIND580","RAINDANCE 20TH FG"
"R2WIND585","TACINCALA SUB"
"R2WIND587","TACINCALA 2ND FG"
"R2WIND587PW1","TACINCALA FG 2"
"R2WIND587PW1A","TACINCALA FG 2  WSE"
"R2WIND587PW1B","TACINCALA FG 2 WATER SEWER"
"R2WIND590","TRAUTMAN 5TH FG"
"R2WIND595","TREVENNA"
"R2WIND595PW1","TREVENNA WATER SEWER"
"R2WIND600","RANCHO EAST"
"R3DACO000","DACONO TOWN"
"R3DACO005","AUTUMN VALLEY"
"R3DACO010","CARBON VALLEY"
"R3DACO015","GLEN OF DACONO"
"R3DACO020","SUNDANCE"
"R3DACO025","SUNDANCE TOWNHOME"
"R3DACO030","SWEETGRASS"
"R3DACO031","SWEETGRASS NEW"
"R3DACO032","SWEETGRASS FG 5"
"R3DACO035","SHARPE"
"R3DACO040","MOUNTAIN VIEW"
"R3DACO045","LITTLE DRY CREEK"
"R3DACO050","EAGLE MEADOWS"
"R3DACO050PW2","EAGLE MEADOWS"
"R3DACO055","LEGACY PARK"
"R3DACO060","M&C DEVELOPMENT"
"R3DACO065","M&C DEVELOPMENT #2"
"R3DACO070","CARBON VALLEY APT"
"R3DACO085","DACONO STATION"
"R3DACO090","MESA RIDGE"
"R3DACO095","STRATA DACONO FG 1"
"R3DACO096","STRATA DACONO FG 2"
"R3ERIE000","ERIE TOWN"
"R3ERIE000PW1","ERIE TOWN"
"R3ERIE000PW2","ERIE TOWN"
"R3ERIE000PW3","ERIE TOWN ROCKTON"
"R3ERIE005","CHEESMAN STREET"
"R3ERIE010","COAL CREEK"
"R3ERIE015","ERIE TOWN NORTH"
"R3ERIE020","COLLIERS HILL"
"R3ERIE020PW8","COLLIERS HILL FG 4G"
"R3ERIE021","COLLIERS HILL DUPLEX"
"R3ERIE022","COLLIERS HILL FG 4I"
"R3ERIE023","COLLIERS HILL FG 4H"
"R3ERIE024","COLLIERS HILL FG 6"
"R3ERIE025","ERIE HIGHLANDS"
"R3ERIE025PW2","ERIE HIGHLANDS"
"R3ERIE026","ERIE HIGHLANDS FG16"
"R3ERIE027","ERIE HIGHLANDS 18"
"R3ERIE030","GRANDVIEW"
"R3ERIE035","GRANDVIEW TH"
"R3ERIE036","SUNSET"
"R3ERIE036PW1","SUNSET CPW"
"R3ERIE040","ERIE AIR PARK RUNWAY"
"R3ERIE045","ERIE AIR PARK"
"R3ERIE050","DEARMIN MINOR"
"R3ERIE055","HUNTLEY CREEK CONDO"
"R3ERIE060","ERIE COMMONS TH"
"R3ERIE060PW2","ERIE COMMONS TH"
"R3ERIE065","ERIE COMMONS"
"R3ERIE070","FEUER"
"R3ERIE075","BLUE SKY CONDO"
"R3ERIE080","VISTA RIDGE HERITAGE"
"R3ERIE085","ERIE AIR PARK WEST"
"R3ERIE095","VISTA POINTE"
"R3ERIE100","VISTA POINTE LARGE LOTS"
"R3ERIE105","VISTA RIDGE WEST"
"R3ERIE106","VISTA RIDGE WEST NEW"
"R3ERIE106PW1A","VISTA RIDGE WEST CPW"
"R3ERIE110","VISTA RIDGE"
"R3ERIE115","VISTA SMALL LOT"
"R3ERIE120","VISTA"
"R3ERIE135","MORGAN"
"R3ERIE136","MORGAN FG 2"
"R3ERIE140","NORTHRIDGE"
"R3ERIE145","SUMMIT @ MTN VIEW"
"R3ERIE150","SIERRA VISTA"
"R3ERIE155","RIEDER MINOR"
"R3ERIE160","SUNSET MINOR"
"R3ERIE165","BRIDGEWATER SOUTH"
"R3ERIE170","BRIDGEWATER NORTH"
"R3ERIE175","WESTERLY"
"R3ERIE176","WESTERLY SMALL LOTS"
"R3ERIE177","WESTERLY FG 3 SOUTH"
"R3ERIE177PW1","WESTERLY FG 3 COST PW"
"R3ERIE180","SUMMERFIELD"
"R3ERIE180PW1","SUMMERFIELD CPW"
"R3ERIE181","SUMMERFIELD FG 2"
"R3ERIE181PW1","SUMMERFIED FG 2 CPW"
"R3ERIE185","ERIE JUNCTION"
"R3ERIE190","NORTH WESTERLY"
"R3ERIE900","ERIE MH PARK"
"R3ERIE905","HOME PARK MH PARK"
"R3ERIE910","ERIE MOBILE HOME PARK LLC"
"R3FIRE005","BOOTH FARMS"
"R3FIRE010","BROOKS FARM"
"R3FIRE015","BUFFALO ACRES"
"R3FIRE020","CIMARRON POINTE CONDO"
"R3FIRE025","CIMARRON POINTE TOWNHOMES"
"R3FIRE030","COTTONWOOD HOLLOW"
"R3FIRE035","FIRESTONE BLOCKS"
"R3FIRE040","FIRESTONE CENTRAL PARK"
"R3FIRE045","FIRESTONE VILLAS"
"R3FIRE050","GLOBE SUBDIVISION"
"R3FIRE055","MONARCH ESTATES"
"R3FIRE060","MOUNTAIN SHADOWS"
"R3FIRE065","NEIGHBORS POINT"
"R3FIRE070","OVERLOOK"
"R3FIRE075","OWL LAKE ESTATES"
"R3FIRE080","RANCHETTE SUBDIVISIONS"
"R3FIRE085","RIDGE CREST"
"R3FIRE090","RUSSELL SUB"
"R3FIRE095","SADDLEBACK"
"R3FIRE100","ST VRAIN"
"R3FIRE105","THE SHORES"
"R3FIRE110","TIMBERLAND"
"R3FIRE115","ZADEL RANCH WESTWOOD DEV"
"R3FIRE120","OAK MEADOWS"
"R3FIRE125PW1","OAK MEADOWS TOWNHOMES"
"R3FIRE126PW1","OAK MEADOWS TOWNHOMES FG 2"
"R3FIRE130","BAREFOOT LAKES"
"R3FIRE130PW10","BAREFOOT LAKES FG 7 A"
"R3FIRE130PW11","BAREFOOT LAKES FG 7 B"
"R3FIRE130PW12","BAREFOOT LAKES APARTMENTS"
"R3FIRE130PW2","BAREFOOT LAKES"
"R3FIRE130PW3","BAREFOOT LAKES"
"R3FIRE130PW4","BAREFOOT LAKES"
"R3FIRE130PW7","BAREFOOT LAKES FG5"
"R3FIRE130PW8","BAREFOOT LAKES FG 4 1ST REPLAT"
"R3FIRE130PW9","BAREFOOT LAKES FILING NO. 6"
"R3FIRE140","SADDLEBACK HEIGHTS"
"R3FIRE145","VISTAS AT SADDLEBACK FG #1"
"R3FIRE150","DENMORE"
"R3FIRE150PW1","DENMORE FG NO. 2"
"R3FIRE150PW2","DENMORE FG NO. 3"
"R3FIRE150PW3","DENMORE FG NO.4"
"R3FIRE900","EAGLE CREST MH PARK"
"R3FRED005","ANGEL VIEW"
"R3FRED010","AVOCET 1ST"
"R3FRED015","CARRIAGE HILLS FG2"
"R3FRED016","CARRIAGE HILLS FG1 RPL A"
"R3FRED016PW1","CARRIAGE HILLS CPW"
"R3FRED020","COALRIDGE ESTATES"
"R3FRED025","COUNTRYSIDE SUB"
"R3FRED030","DEL REY"
"R3FRED035","DOERING/MODRALL"
"R3FRED040","EAGLE VALLEY"
"R3FRED045","EVANSTON"
"R3FRED050","FOX RUN"
"R3FRED055","FREDERICK BLOCKS"
"R3FRED060","FRONTIER ESTATES"
"R3FRED060PW1","FRONTIER ESTATES FILING 2"
"R3FRED065","GROVE TOWNHOMES"
"R3FRED070","HEPP FARM SUBDIVISION"
"R3FRED071","HEPP FARM AMEND 2"
"R3FRED075","HERITAGE PLACE TWNHMS"
"R3FRED080PW1","HIDDEN CREEK"
"R3FRED085","JOHNSON FARMS"
"R3FRED090","MAPLE RIDGE"
"R3FRED095","PARKVIEW ESTATES"
"R3FRED100","MAPLEWOOD"
"R3FRED105","SAVANNAH"
"R3FRED110","MINERS"
"R3FRED115","MOORE FARM"
"R3FRED120","NO NAME CREEK"
"R3FRED125","PHEASANT VIEW ESTATES"
"R3FRED130","RANCHETTE SUBDIVISIONS"
"R3FRED135","RASPBERRY HILL"
"R3FRED140","SAGEBRUSH"
"R3FRED150","SILVER STONE"
"R3FRED150PW1","SILVERSTONE"
"R3FRED150PW2","SILVERSTONE"
"R3FRED150PW3","SILVERSTONE FG 1 RPLT A"
"R3FRED151","SILVERSTONE FG 5"
"R3FRED155","STONERIDGE"
"R3FRED160","SUMMIT VIEW"
"R3FRED165","THE VILLAGE AT FREDERICK"
"R3FRED175PW1","VILLAGE EAST COMMUNITIES RPLT 2"
"R3FRED175PW2","VILLAGE EAST 2"
"R3FRED180","WESTVIEW SUBDIVISION"
"R3FRED185","JESSER FARM SUBDIVISION"
"R3FRED190","SKYLINE RIDGE"
"R3FRED200","CANINO AMD"
"R3FRED205","RUSSELL SUB"
"R3FRED210PW1","PROSPERITY"
"R3FRED215","NELSON FARM"
"R3FRED220","CLEARVIEW VILLAGES"
"R3FRED235","DREAMERS RIDGE RPLT A"
"R3FRED900","PRAIRIE GREENS MH PARK"
"R3LONG005","BACHMAN CONVEYANCE"
"R3LONG010","CONTINENTAL VIEW POND PUD"
"R3LONG015PW1","DREAMERS RIDGE"
"R3LONG016","DREAMERS RIDGE PH 2"
"R3LONG020","FOX CHASE"
"R3LONG025","GRANDVIEW HIGHLAND ESTATE"
"R3LONG030PW1","HAUCK FARM"
"R3LONG035","IDAHO CREEK"
"R3LONG040","INDIAN PEAKS PUD"
"R3LONG045","LIGHTHOUSE COVE"
"R3LONG050","MEADOW VALE FARM"
"R3LONG055","MENDOZA MINOR"
"R3LONG060","MORNINGSIDE"
"R3LONG065","NELSON LAKES"
"R3LONG070","PURITAN"
"R3LONG075","RINN VALLEY"
"R3LONG080PW1","SILVER OWL LANE"
"R3LONG090","JM SMUCKERS"
"R3LONG095","SPRINGS AT SANDSTONE RANCE"
"R3LONG100","VICTORY VALLEY"
"R3LONG105","WILDFLOWER"
"R3LONG110","WYNDHAM HILLS"
"R3LONG110PW4","WYNDHAM HILLS"
"R3LONG111","WYNDHAM HILL FG2"
"R3LONG115","WYNDHAM HILLS TOWN HOMES"
"R3LONG120","GRIGSBY/FIELING"
"R3LONG130","REFLECTION BAY"
"R3LONG135","COUNTRY MEADOWS FARM"
"R3LONG140","HAUCK"
"R3LONG145","ELMS AT MEADOW VALE"
"R3LONG150","HAUCK MEADOWS II"
"R3LONG155","SPRINGS AT LONGMONT"
"R3MEAD000","MEAD"
"R3MEAD005","MEAD TOWNHOMES"
"R3MEAD010","MEAD WESTERN"
"R3MEAD015","NORTH CREEK"
"R3MEAD020","FEATHER RIDGE"
"R3MEAD025","WELKER FARMS LARGE LOTS"
"R3MEAD030","MEAD VILLAGE"
"R3MEAD035","COYOTE RUN"
"R3MEAD040","VALE VIEW LARGE LOTS"
"R3MEAD045","VALE VIEW SMALL LOTS"
"R3MEAD050","MARGIL FARMS"
"R3MEAD055","MARGIL FARMS 2ND"
"R3MEAD060","MARGIL FARMS 2ND LARGE LOTS"
"R3MEAD070","LAKE HOLLOW ESTATES"
"R3MEAD075","SINGLETREE"
"R3MEAD080","MULLIGAN LAKE"
"R3MEAD085","RANGE VIEW"
"R3MEAD090","HUNTERS COVE"
"R3MEAD095","HUNTERS RIDGE"
"R3MEAD100","EDENS RESERVE"
"R3MEAD105","LIBERTY RANCH"
"R3MEAD110","LAKE RIDGE CONDO"
"R3MEAD115","ST VRAIN LAKES"
"R3MEAD120PW1","ST ACACIUS"
"R3MEAD125","GRAND VIEW ESTATES"
"R3MEAD130","THE HIGHLANDS"
"R3MEAD131","THE HIGHLANDS FG 2"
"R3MEAD135","SORRENTO"
"R3MEAD140","WELKER FARMS"
"R3MEAD145","HIGHLAND ESTATES"
"R3MEAD150","MEAD PLACE"
"R3MEAD155","WATERFRONT"
"R3MEAD900","GOPHER GULCH RV PARK"
"R3OTHR000","DAIRY ECON 3"
"R3OTHR005","FEED LOT ECON 3"
"R3OTHR010","CHICKENS ECON 3"
"R3OTHR015","HOG ECON 3"
"R3OTHR025","TURKEY ECON 3"
"R3OTHR030","GREEN HOUSE ECON 3"
"R3OTHR035","LAND FILL"
"R3OTHR040","BEET DUMP ECON 3"
"R3OTHR055","OTHER AG"
"R3OTHR065","OTHER AG - HORSES ECON 3"
"R3OTHR070","PASTURE MARKET ECON 3"
"R3OTHR080","RIVER BOTTOM/ LAKE ECON 3"
"R3RLND000","ERIE RURAL"
"R3RLND005","DACONO RURAL"
"R3RLND010","FREDERICK RURAL"
"R3RLND015","FIRESTONE RURAL"
"R3RLND020","LONGMONT RURAL"
"R3RLND025","MEAD RURAL"
"R3WELD005","CARLSON SUB"
"R3WELD010","CARMACAR"
"R3WELD015","CAROL/LEISURE"
"R3WELD020","HIGHLAND FARM"
"R3WELD025","HIGHVIEW RANCH"
"R3WELD030","LONGS PEAK"
"R3WELD035","NORCUTT MINOR"
"R3WELD040","PARK LAND ESTATES"
"R3WELD045","RANCH EGGS"
"R3WELD050","WESTVIEW ESTATES"
"R3WELD100","KELLER ESTATES"
"R3WELD105","SUMMIT PEAK ESTATES"
"R3WELD110","BOHRER PUD"
"R3WELD115","SEEMORE HEIGHTS"
"R3WELD120","STAMP MINOR SUB"
"R3WELD125","COUNTY WELD DIST COURT"
"R3WELD130","HIGHLANDS MINOR SUB"
"R3WELD135","PELICAN SHORES PUD 2ND AMD PUDF20-0005"
"R3WELD140","NESTING CRANE"
"R3WELD145","LAKE MEADOWS"
"R3WELD150","HILL LAKES"
"R3WELD160","RED BARN FG 1"
"R3WELD165","RED BARN FG 2"
"R3WELD170","JACOBUCCI SUB"
"R3WELD900","B & B MH PARK"
"R3WELD905","RIVERVALLEY VILLAGE MH PARK"
"R3WELD910","LONGVIEW MH PARK"
"R3WELD920","STOESZ RV PARK"
"R4BRGT000","IDA INDUSTRIAL PARK"
"R4BRGT005","JACOBS RUN"
"R4BRGT010","CHAMBERS"
"R4BRGT015","CORBIN KIDDER"
"R4BRGT020","GOPHERS RUN"
"R4BRGT025","HOMESTEAD"
"R4BRGT025PW1","HOMESTEAD"
"R4BRGT025PW1A","HOMESTEAD CPW"
"R4BRGT025PW2","HOMESTEAD"
"R4DACO000","DISTANT THUNDER"
"R4FIRE000","HOMESTEAD"
"R4FTLP000","OLD FORT LUPTON"
"R4FTLP005","VINCENTS"
"R4FTLP010","LANCASTER"
"R4FTLP015","MOUNTVIEW"
"R4FTLP020","COYOTE CREEK"
"R4FTLP020PW4","COYOTE CREEK"
"R4FTLP022","COYOTE CREEK DUPLEX"
"R4FTLP025","APPEL FARM"
"R4FTLP035","CEDAR RIDGE TRIPLEX"
"R4FTLP040","CEDAR RIDGE"
"R4FTLP045","GRANDVIEW"
"R4FTLP050","LONE PINE"
"R4FTLP055","FORT LUPTON SOUTH"
"R4FTLP060","LUPTON GARDENS"
"R4FTLP065","EVERIST SOUTH"
"R4FTLP070","COUNTRY DAY"
"R4FTLP075","FULTON VILLAGE"
"R4FTLP080PW1","HOMESTEAD"
"R4FTLP083","MP MINOR"
"R4FTLP085","EDELEN HEIGHTS"
"R4FTLP090","VILLANO"
"R4FTLP095","VILLANO FARMS"
"R4FTLP100","SOUTH FT LUPTON ACRES"
"R4FTLP105","SCHMIDT ESTATES"
"R4FTLP110","COTTONWOOD GREENS PUD FG NO. 2"
"R4FTLP115","LUPTON VILLAGE PUD"
"R4FTLP115PW1","LUPTON VILLAGE PUD 3RD FG"
"R4FTLP130","COTTONWOOD GREENS PUD FILING NO. 1"
"R4FTLP140","COTTONWOOD GREENS PUD FILING NO. 3"
"R4FTLP145","MURATA FARMS FILING NO. 1"
"R4FTLP145PW1","MURATA CPW"
"R4FTLP150","COTTONWOOD GREENS PUD FG NO. 4"
"R4FTLP155","FLATS AT LUPTON VILLAGE"
"R4FTLP160","VISTA MEADOWS PUD FG NO 1"
"R4FTLP165","COYOTE CREEK PUD FG NO. 5"
"R4FTLP170","COTTONWOOD GREENS PUD FILING NO. 5"
"R4FTLP175","COTTONWOOD GREENS PUD FILING NO. 6"
"R4FTLP185","COTTONWOOD GREENS PUD FILING NO. 7"
"R4FTLP190","VISTA MEADOWS P.U.D. SUBDIVISION FILING NO. 2"
"R4FTLP195","COYOTE CREEK FILING NO. 6"
"R4FTLP305","COURTYARDS AT LUPTON VILLAGE PUD"
"R4FTLP310","THUNDER VALLEY"
"R4FTLP315","LUPTON VILLAGE PUD 2ND FG"
"R4FTLP320","NORTH LAND PUD 3RD FG"
"R4FTLP900","COPPER KEY MH PARK"
"R4FTLP905","COPPER KEY NORTH MH PARK"
"R4FTLP910","KISSLERS MH PARK"
"R4FTLP915","WILLOW BEND MH PARK"
"R4LOCH000","SILVERPEAKS"
"R4LOCH000PW1","SILVERPEAKS"
"R4LOCH000PW1A","SILVER PEAKS PW1A"
"R4LOCH000PW1B","SILVERPEAKS"
"R4LOCH000PW1C","SILVER PEAKS CPW"
"R4LOCH005","HIGHPLAINS"
"R4LOCH010","LOCHWOOD"
"R4LOCH015","SPACIOUS LIVING"
"R4LOCH020","LOCHWOOD LOTS"
"R4LOCH025","ALTAMIRA"
"R4LOCH030","BLUE LAKE"
"R4LOCH030PW1","BLUE LAKE"
"R4LOCH030PW1A","BLUE LAKE"
"R4MILL300","HOFFSCHNEIDER"
"R4OTHR000","DAIRY ECON 4"
"R4OTHR005","FEED LOT ECON 4"
"R4OTHR010","CHICKENS ECON 4"
"R4OTHR015","HOG ECON 4"
"R4OTHR020","SHEEP ECON 3"
"R4OTHR025","TURKEY ECON 4"
"R4OTHR030","GREEN HOUSE ECON 4"
"R4OTHR060","OTHER AG - SPECIAL PURPOSE ECON 4"
"R4OTHR065","OTHER AG - HORSES"
"R4OTHR070","PASTURE MARKET ECON 4"
"R4OTHR080","RIVER BOTTOM/ LAKE ECON 4"
"R4PLAT000","PLATTEVILLE"
"R4PLAT005","BELLA VISTA"
"R4PLAT010","PLATTE RIVER FARMS"
"R4PLAT015","NORTH PLATTEVILLE"
"R4PLAT020","REEDS/JEHOREK"
"R4PLAT025","PLATTEVILLE FARLEY"
"R4PLAT030","CALLOW"
"R4PLAT035","VILLAGE VISTA"
"R4PLAT040","OLD HOMESTEAD FARM"
"R4PLAT045","OLD HOMESTEAD DUPLEX"
"R4PLAT050","ROGERS FARM"
"R4PLAT055","STANTON HEIGHTS"
"R4PLAT060","BELLA ESTATES"
"R4PLAT065","PLATTE VIEW"
"R4PLAT900","VALLEY VILLAGE MH PARK"
"R4RLND000","LOCHBUIE RURAL"
"R4RLND005","BRIGHTON RURAL"
"R4RLND010","FORT LUPTON RURAL"
"R4RLND010TM1","FORT LUPTON RURAL"
"R4RLND015","SW ECON 4 RURAL"
"R4RLND020","NW ECON 4 RURAL"
"R4RLND025","NE ECON 4 RURAL"
"R4RLND030","CENTRAL ECON 4 RURAL"
"R4RLND035","PLATTEVILLE RURAL"
"R4RLND040","TOWN RANGE 1213 RURAL"
"R4WELD000","PENCE"
"R4WELD005","MOOREA MANOR"
"R4WELD010","MOOREA MANOR NORTH"
"R4WELD015","MOUNTAIN"
"R4WELD020","VOLLMAR"
"R4WELD025","WATTENBERG"
"R4WELD030","BUFFALO RIDGE"
"R4WELD035","MARTIN BROTHERS"
"R4WELD040","SUNNY ACRES"
"R4WELD050","JO ANN"
"R4WELD055","BIL-LAR ACRES"
"R4WELD060","BEEBE DRAW"
"R4WELD065","MILTON LAKE"
"R4WELD070","GREENACRES"
"R4WELD075","ARISTOCRAT"
"R4WELD075PW1","ARISTOCRAT"
"R4WELD080","MARTIN"
"R4WELD090","SEBOLD"
"R4WELD095","COUNTRY ESTATES"
"R4WELD105","FOX HAVEN"
"R4WELD115","BLUE SKY ESTATES"
"R4WELD120","NORTH LAND PUD"
"R4WELD125","MOUNTAIN SKY"
"R4WELD130","JACOBUCCI SUB"
"R4WELD135PW1","HERGEMUELLER"
"R4WELD150","LG EVERIST AT WEST FARMS"
"R4WELD155","SILVER LININGS"
"R4WELD900","NEW VISION MH PARK"
"R4WELD910","B BOLD RANCH RV PARK"
"R4WELD915","BASSETT RV PARK"
"R5HUDS005","EASTRIDGE"
"R5HUDS010","OLD HUDSON"
"R5HUDS015","OLD HUDSON MRA"
"R5HUDS020","HUDSON HILLS"
"R5HUDS025","SUNRISE ACRES"
"R5HUDS030","HUDSON HILLS FILING  NO 2"
"R5HUDS035","HUDSON HILLS FILING NO 3"
"R5HUDS040","HUDSON HILLS FILING NO 4"
"R5HUDS900","PEPPER POD KOA CAMPGROUND"
"R5HUDS905","WILLOW BROOK VILLAGE MH PARK"
"R5HUDS910","HUDSON ESTATES MH PARK"
"R5KEEN000","DIAMOND K"
"R5KEEN005","KEENESBURG WEST"
"R5KEEN010","NORTH KEENESBURG"
"R5KEEN015","ASH HOLLOW"
"R5KEEN020","FAIR MEADOWS"
"R5KEEN025","KEENESBURG SOUTH"
"R5KEEN025PW1","KEENESBURG SOUTH"
"R5KEEN030","EVANS PLACE"
"R5KEEN035","EVANS PLACE FG2"
"R5KEEN040","VISTA WEST"
"R5KEEN045","JUDIE ANNE"
"R5KEEN050","SUMMERFIELD NORTH SUBDIVISION FINAL PLAT"
"R5KEEN055","FRUITION COLORADO FG NO. 1"
"R5KEEN055PW1","FRUITION COLORADO FILING NO. 2"
"R5KEEN900","WILD COUNTRY RV PARK"
"R5OTHR000","DAIRY ECON 5"
"R5OTHR005","FEED LOT ECON 5"
"R5OTHR010","CHICKENS ECON 5"
"R5OTHR015","HOG ECON 5"
"R5OTHR025","TURKEY ECON 5"
"R5OTHR030","GREEN HOUSE ECON 5"
"R5OTHR040","BEET DUMP ECON 5"
"R5OTHR055","OTHER AG"
"R5OTHR065","OTHER AG - HORSES ECON 5"
"R5OTHR070","PASTURE MARKET ECON 5"
"R5OTHR075","RANGE ECON 5"
"R5RLND000","ECON 5 RURAL"
"R5WELD010","TOWN OF ROGGEN"
"R5WELD015","APOLLO SUB"
"R5WELD020","VANTAGE ACRES"
"R5WELD025","IRELAND"
"R5WELD030","RED BARON"
"R5WELD035","FROMAN"
"R5WELD040","WEISNER"
"R5WELD900","HERITAGE RV PARK"
"R6EVAN000","RIDGE AT PRAIRIE VIEW"
"R6EVAN005","NORTH POINT"
"R6EVAN005PW1","NORTH POINT"
"R6EVAN010","NORTH POINT TOWNHOMES"
"R6EVAN015","NORTH POINT CONDO"
"R6EVAN055","BAY AT THE LANDINGS"
"R6EVAN060","HUNTERS RESERVE"
"R6EVAN060PW1","HUNTERS RESERVE"
"R6EVAN065","EVANS"
"R6EVAN070","EVANS APARTMENTS"
"R6EVAN075","TIMBERLINE"
"R6EVAN080","RIVERSIDE DUPLEXES"
"R6EVAN085","HEATHERWAY"
"R6EVAN090","KING"
"R6EVAN095","NICKERSON"
"R6EVAN100","APOLLO ESTATES"
"R6EVAN105","RIVER BEND"
"R6EVAN110","COZUMEL CONDOS"
"R6EVAN115","MOSER TOWNHOMES"
"R6EVAN120","CHAPPELOW"
"R6EVAN125","GREEN MEADOWS"
"R6EVAN130","PLATTE VALLEY"
"R6EVAN135","SUNDOWN ESTATES"
"R6EVAN140","WILLOWBROOK"
"R6EVAN145","VILLAGE SUB"
"R6EVAN150","FAULES VALLEY"
"R6EVAN155","VILLAGE CONDOS"
"R6EVAN160","MEADOWS EVANS"
"R6EVAN165","SUNNY VIEW"
"R6EVAN170","SUMMIT VIEW CONDOS"
"R6EVAN175","SOPHIE'S SUB"
"R6EVAN180","SHARLYN TOWNHOMES"
"R6EVAN185","PRINTZ MINOR"
"R6EVAN190","PLEASANT ACRES"
"R6EVAN195","PARKER MEADOWS DUPLEXES"
"R6EVAN200","PARKER MEADOWS TOWNHOMES"
"R6EVAN205","OL HOMESTEAD"
"R6EVAN210","NORTH PARK HEIGHTS"
"R6EVAN215","MONICO GARDENS"
"R6EVAN220PW1","MISSION SPRINGS"
"R6EVAN225","LORWINCINTER"
"R6EVAN230","GRANADOS"
"R6EVAN235","GLENDALE DRIVE CONDOS"
"R6EVAN240","CENTENNIAL PINES"
"R6EVAN245","ELLIOTTS CT"
"R6EVAN250","DOLL MINOR"
"R6EVAN255","DARRELL ROAD CONDOS"
"R6EVAN260","COTTAGES AT THE LANDINGS"
"R6EVAN265","CASSELL"
"R6EVAN270","BORCHERT POINTE"
"R6EVAN275","ARMES"
"R6EVAN285PW1","HERNANDEZ"
"R6EVAN900","COUNTRY ESTATES MH PARK"
"R6EVAN905","GREEN ACRES MOBILE COURT"
"R6EVAN910","BELLA VISTA MH PARK"
"R6EVAN915","TERRACE MH PARK"
"R6EVAN920","CAVE CREEK MH PARK"
"R6EVAN925","EASTWOOD VILLAGE RV PARK"
"R6GLCT000","STOCKTON"
"R6GLCT005","GILCREST"
"R6GLCT010","DOR CAR"
"R6GLCT015","CREST-MAR TOWNHOMES"
"R6GLCT020","HALL MINOR"
"R6GLCT025","COUNTRY MEADOWS"
"R6GLCT030","BLANCO MINOR"
"R6GLCT900","PATS MOBILE ESTATES #1"
"R6GRLY005","CLOVER  MEADOWS"
"R6GRLY010","MOUNTAIN VIEW CONDO"
"R6GRLY015","GIBRALTER"
"R6GRLY020","SHERWOOD PARK CONDO"
"R6GRLY025","COTTONWOOD CREEK"
"R6GRLY030","COTTONWOOD LEISURE EAST"
"R6GRLY035","LAKEMONT CONDO"
"R6GRLY040","PARKVIEW CONDOS"
"R6GRLY045","CASCADE PARK CONDO"
"R6GRLY050","RESERVOIR PINES"
"R6GRLY055","MIDWEST"
"R6GRLY060","WOODLAND PARK"
"R6GRLY065","ROYAL ESTATES CONDO"
"R6GRLY070","SUMMIT RORAL GARDENS"
"R6GRLY075","CONNEMARA"
"R6GRLY080","GLENMEADOWS"
"R6GRLY085","WEAVER HEIGHTS"
"R6GRLY090","ROYAL CONDO"
"R6GRLY095","ROYAL MANOR"
"R6GRLY100","ROYAL MANOR CONDO"
"R6GRLY105","TEASDALE GARDEN"
"R6GRLY110","THE HEIGHTS"
"R6GRLY115","GREELEY'S CONDOS"
"R6GRLY120","WESTLAKE COMMONS MINOR SUBDIVISION 2ND FILING"
"R6GRLY220","STOLL'S MINOR SUB"
"R6GRLY225","NORTHVIEW SUB"
"R6GRLY230","COTTAGES MINOR MP1"
"R6GRLY235","MOUNTAIN VIEW ACRES"
"R6GRLY240","25TH AVE CT CONDOS"
"R6GRLY245","ENGELS MINOR SUB"
"R6GRLY247","KIRK-WATSON 1ST RPLT"
"R6GRLY250","TRIANGLE MINOR SUBDIVISION"
"R6GRLY265","HART SUB"
"R6GRLY270","EAST OF 35TH AVE AND SOUTH OF 4TH ST"
"R6GRLY275","WEST OF 23RD AVE AND SOUTH OF 4TH ST"
"R6GRLY280","WEST OF 23RD AVE AND NORTH OF 4TH ST"
"R6GRLY285","WEST OF 23RD AVE AND NORTH OF 4TH ST"
"R6GRLY290","2ND ST N, 23RD AVE TO 14TH AVE"
"R6GRLY295","HABITAT NORTH SUB"
"R6GRLY300","5TH ST, 23RD AVE WEST TO 8TH AVE"
"R6GRLY305","23RD AVE S OF 5TH ST TO 8TH ST"
"R6GRLY310","10TH ST E OF 23RD AVE"
"R6GRLY315","WEST OF 23RD AVE AND SOUTH OF 10TH"
"R6GRLY320","16TH ST N, 21ST AVE TO 8TH AVE"
"R6GRLY325","HWY 85, 5TH ST TO 16TH ST"
"R6GRLY330","EAST OF 8TH AVE 16TH ST TO 11TH ST"
"R6GRLY335","NORTH OF 3RD ST, 11TH AVE TO 8TH AVE"
"R6GRLY340","14TH STREET CONDOS"
"R6GRLY345","35TH AVE  SOUTH 10TH ST CORRIDOR"
"R6GRLY350","35TH AVE  SOUTH 10TH ST"
"R6GRLY355","SHERWOOD PARK"
"R6GRLY360","MERRY SUB"
"R6GRLY365","WEST 23RD AVE NORTH OF 16TH ST CORRIDOR"
"R6GRLY370","EAST OF 35TH AVE AND SOUTH OF 16TH ST"
"R6GRLY375","COTTONWOOD VILLAGE"
"R6GRLY380","CASCADE PARK AND SUMMIT VIEW"
"R6GRLY385","PANORAMA PARK"
"R6GRLY390","BELAIR PARK AND LEADBETTER SUB"
"R6GRLY395","WEST LAKE AND BELAIR PARK"
"R6GRLY400","SOUTHRIDGE SUB"
"R6GRLY405","BRENTWOOD PARK"
"R6GRLY410","FARRS SUB"
"R6GRLY413","HILLSIDE"
"R6GRLY420","E 23RD AVE, 16TH ST TO 22ND"
"R6GRLY425","GLENMERE WEST"
"R6GRLY430","FAIRACRES"
"R6GRLY435","GLENMERE PARK"
"R6GRLY440","MOORES"
"R6GRLY445","GLENMERE SW"
"R6GRLY450","GLENMERE SE"
"R6GRLY455","ALLES ACRES"
"R6GRLY460","ALLES ACRES SOUTH"
"R6GRLY475","CRANFORD"
"R6GRLY480","11TH AVE AND 10TH AVE, S OF 16TH ST"
"R6GRLY490","GARDEN CITY"
"R6GRLY495","E OF 8TH AVE, S OF 22ND ST"
"R6GRLY500","ALTA VISTA"
"R6GRLY505","ARLINGTON"
"R6GRLY510","GREELEY INDUSTRIAL"
"R6GRLY515","SOMMERSETT SUB"
"R6GRLY520","WEDGEWOOD SUB"
"R6GRLY525","PARKVIEW"
"R6GRLY530","PARKVIEW SOUTH"
"R6GRLY535","EAST MEADOWS"
"R6GRLY540","BALSAM VILLAGE"
"R6GRLY545","PLAZA DEL SOL SUB"
"R6GRLY550","JRS MINOR SUB"
"R6GRLY555","RIVERVIEW FARM"
"R6GRLY600","CRESTVIEW"
"R6GRLY605","LANDMARK"
"R6GRLY610","SOUTHMOOR VILLAGE"
"R6GRLY615","SOUTH GREELEY MULTI UNITS"
"R6GRLY620","COLLEGE PARK CONDOS"
"R6GRLY625","LANDMARK"
"R6GRLY630","ESPANOLA"
"R6GRLY635","CLOVER CREEK DUPLEX"
"R6GRLY640","CLOVER CREEK"
"R6GRLY675","RAMSEIER MINOR"
"R6GRLY900","WAGON WHEEL MH PARK"
"R6GRLY903","VILLA WEST MH PARK"
"R6GRLY905","ALTA VISTA MH COMMUNITY"
"R6GRLY908","MEADOW MH VILLAGE NORTH"
"R6GRLY910","CIRCLE DRIVE MH PARK"
"R6GRLY913","WOODLANDS EAST MH PARK"
"R6GRLY918","COUNTRY SIDE MH PARK NORTH"
"R6GRLY925","GREELEY FRIENDLY VILLAGE"
"R6GRLY930","GREELEY MOBILE ESTATES"
"R6GRLY935","HODGE & SON MH PARK"
"R6GRLY940","HOLIDAY VILLAGE MH PARK"
"R6GRLY950","SHADY REST MH COURT"
"R6GRLY955","MEADOWS MH VILLAGE SOUTH"
"R6GRLY960","MOBILE MANOR MH PARK"
"R6GRLY965","MOBILE WEST MH PARK"
"R6GRLY970","PATS MOBILE ESTATES #2"
"R6GRLY975","PONDEROSA TRAILER PARK"
"R6GRLY980","PREMIUM ESTATES MH PARK"
"R6GRLY985","RIVER PARK MH PARK"
"R6GRLY990","SMITHS MH PARK"
"R6GRLY995","TYES TRAILER COURT"
"R6KRSY005","KERSEY RES"
"R6KRSY010","KOHLER"
"R6KRSY015","ELDER SUB"
"R6KRSY020","KRAMER MINOR SUB"
"R6KRSY025","BERRYMAN MP1"
"R6KRSY030","BERRYMAN FARM MP1"
"R6KRSY035","BARRYMAN FARM AG"
"R6KRSY040","CLARK & HILL T.H."
"R6KRSY045","KOHLER FARM SOLAR PANELS"
"R6KRSY900","KERSEY MH PARK"
"R6LASA000","LA SALLE DUPLEXES"
"R6LASA005","LA SALLE"
"R6LASA010","COMMONS AT LA SALLE"
"R6LASA015","DOVE HILL"
"R6OTHR000","DAIRY ECON 6"
"R6OTHR005","FEED LOT ECON 6"
"R6OTHR015","HOG ECON 6"
"R6OTHR020","SHEEP ECON 6"
"R6OTHR025","TURKEY ECON 6"
"R6OTHR030","GREEN HOUSE ECON 6"
"R6OTHR040","BEET DUMPS ECON 6"
"R6OTHR045","SALVAGE ECON 6"
"R6OTHR055","OTHER AG"
"R6OTHR070","PASTURE MARKET ECON 6"
"R6OTHR080","RIVER BOTTOM/ LAKE ECON 6"
"R6RLND000","KERSEY RURAL"
"R6RLND005","ECON 6 T4-5 R61-63 RURAL"
"R6RLND010","ECON 6 T4 R65-66 RURAL"
"R6RLND015","GREELEY RURAL"
"R6RLND020","392 CORRIDOR RURAL"
"R6RLND025","MILLIKEN 6 RURAL"
"R6WELD000","COTTONWOOD FALLS"
"R6WELD005","DEARFIELD"
"R6WELD010","BIG SKY ESTATES"
"R6WELD015","LINDALE SUB"
"R6WELD020","LUTHER SUB"
"R6WELD025","MCMAHAN SUB"
"R6WELD030","RAINBOW ACRES"
"R6WELD035","SEEHUSEN SUB"
"R6WELD040","VGG"
"R6WELD045","HARRINGTON KNOLLS"
"R6WELD050","BRADDY ADD"
"R6WELD055","MCDONALDS SUB"
"R6WELD060","ZENDTS FARM"
"R6WELD065","RURAL GREELEY"
"R6WELD070","STROHAUER SUB"
"R6WELD075","WARD ACRES"
"R6WELD080","LUNDGRENS SUB"
"R6WELD085","ZABKA FARMS"
"R6WELD090","PLEASANT VALLEY ESTATES"
"R6WELD095","FAGERBERG SUB"
"R6WELD100","PHEASANT MEADOW MINOR"
"R6WELD105","JUBILEE ACRES MINOR"
"R6WELD110","LATHAM VIEW ESTATES"
"R6WELD130","SANDY KNOLL"
"R6WELD135","HOFF COUNTRY ESTATES"
"R6WELD140","RANGEVIEW RANCHES"
"R6WELD145","KERSEY COLONY"
"R6WELD150","HARDIN"
"R6WELD155","PULLIAM"
"R6WELD160","MORRIS"
"R6WELD165","FAITH ESTATES"
"R6WELD170","LUCERNE"
"R6WELD175","BRENCKLE SUB"
"R6WELD180","ETHERTON SUB"
"R6WELD610","VALLEY VIEW"
"R6WELD615","SOUTHGATE"
"R6WELD620","SCOTCH PINE ESTATES"
"R6WELD630","HUNT-WIEDMAN"
"R6WELD635","FLORES"
"R6WELD640","CARRIAGE ESTATES"
"R6WELD645","CARRIAGE ESTATES DUPLEXES"
"R6WELD650","CORR RURAL LAND DIV RLDF22-0002"
"R6WELD900","GREELEY RV PARK"
"R7CARR005","CARR RESIDENTIAL"
"R7GILL005","GILL RESIDENTIAL"
"R7GRVR005","GROVER RESIDENTIAL LOTS"
"R7GRVR010","BASHOR RESUB"
"R7GRVR900","DUGGAN CAMPGROUND"
"R7HERE005","HEREFORD RESIDENTIAL"
"R7NRMR000","NEW RAYMER"
"R7OTHR000","DAIRY ECON 7"
"R7OTHR005","FEED LOT ECON 7"
"R7OTHR015","HOG ECON 7"
"R7OTHR020","SHEEP ECON 7"
"R7OTHR060","OTHER AG - SPECIAL PRUPOSE ECON 7"
"R7OTHR070","PASTURE MARKET ECON 7"
"R7RLND000","NE ECON 7 RURAL"
"R7RLND005","CARR RURAL"
"R7RLND010","BRIGGSDALE/ BARNSVILLE RURAL"
"R7RLND015","GILL/ GALETON RURAL"
"R7RLND020","NW ECON 7 RURAL"
"R7WELD000","BARNSVILLE AREA"
"R7WELD005","BRIGGSDALE"
"R7WELD010","BUCKINHAM"
"R7WELD020","KEOTA"
"R7WELD025","STONEHAM"
"R7WELD050","GRANDVIEW ACRES MINOR"
"R7WELD055","LINDIES LAKE PUD"
"R7WELD060","NIOBRARA"
"R7WELD300","CAMFIELD"
"R7WELD305","GALETON"
"R7WELD310","MASON VIEW"
"R7WELD315","OWL CREEK ESTATES"
"R8NUNN000","NUNN RESIDENTIAL"
"R8NUNN010","NUNN IN TOWN ACRES"
"R8NUNN011","MCFARLINS THIRD RPLT"
"R8NUNN012","BLUE SPRUCE"
"R8NUNN015","PRAIRIEVIEW"
"R8NUNN020","NUNN MEADOWS"
"R8NUNN025","VARRA"
"R8NUNN900","NUNN MH PARK"
"R8NUNN905","VARRA RV PARK"
"R8OTHR000","DAIRY ECON 8"
"R8OTHR005","FEED LOT ECON 8"
"R8OTHR010","CHICKENS ECON 8"
"R8OTHR015","HOG ECON 8"
"R8OTHR020","SHEEP ECON 8"
"R8OTHR065","OTHER AG - HORSES ECON 8"
"R8OTHR070","PASTURE MARKET ECON 8"
"R8OTHR080","RIVER BOTTOM/ LAKE ECON 8"
"R8PRCE000","WILDERLAND PARK"
"R8PRCE005","PIERCE IN TOWN ACRES"
"R8PRCE010","PIERCE RESIDENTIAL"
"R8PRCE015","PIERCE EAST"
"R8PRCE020","HUNT AND CLAYTON"
"R8PRCE025","CONSERVATION SUB"
"R8PRCE900","HIGHLAND MH PARK"
"R8RLND000","NUNN RURAL"
"R8RLND005","PIERCE RURAL"
"R8RLND010","W ECON 8 RURAL"
"R8WELD000","GOLD STONE CREEK"
"R8WELD010","GRIFFITH MINOR"
"R8WELD025","PIERCE ACRES"
"R8WELD030","WATERFORD HILL"
"R8WELD035","EAGLE SUB"
"R8WELD900","GASTOWN CAMPGROUND"
"R9AULT000","CONESTOGA"
"R9AULT000PW5","CONESTOGA 1ST FG 7TH RPLT"
"R9AULT005","AULT WEST"
"R9AULT010","AULT RESIDENTIAL"
"R9AULT015","AULT SOUTHWEST"
"R9AULT020","AULT EAST OF 85"
"R9AULT025","AULT OLD TOWN"
"R9AULT030","HIGHLAND MEADOWS"
"R9AULT035","WYKERT SUB"
"R9AULT900","HENSLEY MH PARK"
"R9AULT905","MILLERS MH PARK"
"R9AULT910","STEWARTS MH PARK"
"R9AULT915","ANDERSONS MH PARK"
"R9EATN000","HISTORIC EATON"
"R9EATN005","WEST EATON"
"R9EATN010","CENTENNIAL"
"R9EATN015","CENTENNIAL PATIO"
"R9EATN020","JUNIPER TOWNHOMES"
"R9EATN025","JUNIPER SFR"
"R9EATN045","HAWKSTONE NORTH"
"R9EATN050","HAWKSTONE ESTATE LOTS"
"R9EATN055","PARKRIDGE AT HAWKSTONE"
"R9EATN060","HAWKSTONE WEST"
"R9EATN065","COTTAGES AT HAWKSTONE"
"R9EATN070","HAWKSTONE"
"R9EATN075","EATON COMMONS"
"R9EATN080","GOVERNERS RANCH"
"R9EATN085","GOVERNERS RANCH TOWNHOMES"
"R9EATN090","MAPLEWOOD"
"R9EATN095","MAPLEWOOD TOWNHOMES"
"R9EATN100","ASPEN MEADOWS"
"R9EATN105","GOVERNERS CROSSING"
"R9EATN110","EATON COMMONS TOWNHOMES"
"R9EATN115","RIDGEWOOD"
"R9EATN120","KRAUSE"
"R9EATN125","BROWN FARM"
"R9OTHR000","DAIRY ECON 9"
"R9OTHR005","FEED LOT ECON 9"
"R9OTHR020","SHEEP ECON 9"
"R9OTHR065","OTHER AG - HORSES ECON 9"
"R9RLND000","EATON RURAL"
"R9RLND005","AULT RURAL"
"R9WELD000","FREEDOM ACRES"
"R9WELD005","STARK FARMS"
"R9WELD010","AVERY ACRES"
"R9WELD015","WEST OF AULT SUB"
"R9WELD020","LONE TREE ESTATES"
"R9WELD025","EATON COUNTRY CLUB"
"R9WELD030","APPALOOSA ACRES"
"R9WELD035","APPLOOSA ACRES ESTATES"
"R9WELD040","MAGNUSON"
"R9WELD050","EAST EATON"
"ROW","RIGHT OF WAY"
"SEVEREDMIN","SEVERED MINERALS"
"SG_GRAVEL","SG_GRAVEL"
"SG_ROADBASE","SG_ROADBASE"
"WATER","WATER ACCT"
